date,prediction_id,tx_hash,block_number,blockchain_timestamp,current_price,pred_1d,pred_3d,pred_7d,actual_1d,actual_3d,actual_7d,error_1d,error_3d,error_7d,mape_1d,mape_3d,mape_7d,direction_correct_1d,direction_correct_3d,direction_correct_7d,gas_used,outcomes_updated_at
2025-09-16,1,0x6cad8bfe744820992dd0d8cc449e3382c3fd6e7fa4ddcdfd523457e162b792c6,14027926,2025-10-17T16:06:36,116843.1875,114206.68606261443,113911.72641299648,114526.5020477306,116468.5078125,115688.859375,112014.5,2261.821749885552,1777.1329620035103,-2512.002047730595,1.9420028575679933,1.536131457777639,2.242568638641065,True,True,True,212280,2025-10-17T14:28:23.977579
2025-09-17,2,0x321850a40c54c8d19339d97c209e43913970fd09c5a23805786ba3aee6d684cf,14027927,2025-10-17T16:06:48,116468.5078125,115181.29705177496,116662.1145720917,115610.61707691,117137.203125,115721.9609375,113328.6328125,1955.9060732250364,-940.1536345916976,-2281.984264409999,1.6697565086455417,0.8124245622656385,2.013599041810993,False,False,True,212280,2025-10-17T14:28:23.977736
2025-09-18,3,0x6d96730a01b10a931c1a6935799e391ec14bd1cc1545b13a5ef0e4e73c5d7083,14027930,2025-10-17T16:07:00,117137.203125,115666.69223157733,115986.1153207656,111139.57109252538,115688.859375,115306.09375,109049.2890625,22.16714342268824,-680.021570765588,-2090.2820300253807,0.0191610009316752,0.5897533674499211,1.916823161338875,True,True,True,212280,2025-10-17T14:28:23.977871
2025-09-19,4,0x4bb21ff007976412ccfd6980a889b11fe4a56cdc1a8b977ad696a917d01314f1,14027932,2025-10-17T16:07:48,115688.859375,115354.3143785995,112920.4599435873,110359.54199021556,115721.9609375,112748.5078125,109712.828125,367.6465589004947,-171.95213108729513,-646.71386521557,0.3176981758017876,0.1525094517199734,0.5894605729046964,False,True,True,212280,2025-10-17T14:28:23.978106
2025-09-20,5,0x192e56984e6f54891daa6057273a4ba77097d64fdd452a58ac8a00e5a4d44cdb,14027936,2025-10-17T16:08:06,115721.9609375,114912.57484050909,110524.17841039816,112919.78312941562,115306.09375,112014.5,109681.9453125,393.51890949091467,1490.321589601852,-3237.8378169156204,0.3412819710501334,1.3304720278194804,2.952024426345233,True,True,True,212280,2025-10-17T14:28:23.978319
2025-09-21,6,0x68f833347734180ef192941648ab60ca6a8d9b54de3b04cbb460e11d5b808023,14027939,2025-10-17T16:08:24,115306.09375,111192.82759516896,114729.70121928658,111364.19110340452,112748.5078125,113328.6328125,112122.640625,1555.6802173310425,-1401.0684067865805,758.4495215954812,1.3797789855615012,1.2362881047939762,0.6764463603137524,True,True,True,212280,2025-10-17T14:28:23.978455
2025-09-22,7,0x55496951280dfd107d8646bbd053dc72cd270db22e1d3ba46db97cbb2936bb8b,14027942,2025-10-17T16:08:42,112748.5078125,113875.379410629,111183.33020654616,116832.9265807503,112014.5,109049.2890625,114400.3828125,-1860.879410628986,-2134.041144046161,-2432.543768250296,1.6612843967780833,1.956950991971224,2.1263423324703274,False,True,True,212280,2025-10-17T14:28:23.978584
2025-09-23,8,0x153043d8b5ccd601b560b493cbbeca49e24dc0677f19c77d5ac561bfa80602da,14027945,2025-10-17T16:09:00,112014.5,112265.52387752489,109934.9194399084,113775.19005370083,113328.6328125,109712.828125,114056.0859375,1063.108934975127,-222.0913149084081,280.8958837991522,0.938076202449226,0.2024296690769569,0.2462787333883055,True,True,True,212280,2025-10-17T14:28:23.978715
2025-09-24,9,0x7df97bb3bc71b072f7b4cdc7d0e7514a926a94389cba58f5c35478ebe38eb063,14027947,2025-10-17T16:09:36,113328.6328125,107781.03192230935,112456.27195362584,121414.0625234191,109049.2890625,109681.9453125,118648.9296875,1268.2571401906316,-2774.326641125852,-2765.132835919096,1.163012754226897,2.529428734347652,2.330516459947814,True,True,True,212280,2025-10-17T14:28:23.978842
2025-09-25,10,0x4c8c8a03bc3bee9dcd5032e6c574908360a2d1e299f88da0c7451c76278c1770,14027951,2025-10-17T16:10:24,109049.2890625,109418.86107582132,109676.64766656492,123516.94838005214,109712.828125,112122.640625,120681.2578125,293.9670491786819,2445.9929584350903,-2835.690567552141,0.2679422763979378,2.1815334929685086,2.349735674745697,True,True,True,212280,2025-10-17T14:28:23.978972
2025-09-26,11,0x7012e243e1fc38c6f79884a631fbd01fa3751ef7515d9e1b5ef78a4ea0aadd66,14027953,2025-10-17T16:11:12,109712.828125,111702.25418554925,113493.25475579948,120503.9513361765,109681.9453125,114400.3828125,122266.53125,-2020.308873049231,907.128056700516,1762.5799138235016,1.841970314524486,0.792941452116713,1.441588221898216,False,True,True,212280,2025-10-17T14:28:23.979103
2025-09-27,12,0xcaf96f68ceb12bce97650088df9df97eaaabcf93c57fa4b773f33b4eb68ba86d,14027957,2025-10-17T16:11:36,109681.9453125,111763.85994209208,116673.36429520768,122991.26006296044,112122.640625,114056.0859375,122425.4296875,358.78068290792,-2617.278357707677,-565.8303754604422,0.3199895051596944,2.294729243244313,0.4621836957442307,True,True,True,212280,2025-10-17T14:28:23.979229
2025-09-28,13,0x3a2f59a1b4792be26563ad950a5ce04e8724dfe10db9300cc5bf5959276bf7a1,14027963,2025-10-17T16:12:54,112122.640625,112204.8346500465,116080.87621244034,125128.23946693409,114400.3828125,118648.9296875,123513.4765625,2195.5481624535023,2568.053475059656,-1614.762904434072,1.919179034612116,2.164413519635996,1.307357666041384,True,True,True,212280,2025-10-17T14:28:23.979361
2025-09-29,14,0x159208e7661feb652c6a3238bfa8944da1cfa979adaeada67e9c33f3d9eadd3c,14027965,2025-10-17T16:13:06,114400.3828125,115329.03823323056,122257.77257268154,126060.29974868723,114056.0859375,120681.2578125,124752.53125,-1272.9522957305744,-1576.5147601815406,-1307.7684986872337,1.1160757317484329,1.3063459801114596,1.0482901513769756,False,True,True,212280,2025-10-17T14:28:23.979487
2025-09-30,15,0x5a00150c4380594f5952adaa7a6287231109f0ce4ae3e7fb4d00e4c1d1235ac5,14027969,2025-10-17T16:13:54,114056.0859375,116583.64839403665,124744.04373709556,119829.49954177106,118648.9296875,122266.53125,121451.3828125,2065.2812934633694,-2477.512487095548,1621.8832707289405,1.7406657598201265,2.026321072305344,1.335417706386142,True,True,True,212280,2025-10-17T14:28:23.979613
2025-10-01,16,0x5c3751b7b679d0b849297736a34b2043322458b73c5e8f1ae1d8eb6137cf9642,14027973,2025-10-17T16:14:12,118648.9296875,122725.03705313652,122899.33950171492,123512.53282733592,120681.2578125,122425.4296875,123354.8671875,-2043.7792406365188,-473.909814214916,-157.66563983591914,1.693534918083052,0.387100797133901,0.1278146889788034,True,True,True,212280,2025-10-17T14:28:23.979744
2025-10-02,17,0xd0db68a71ad3521383752f468f6a699cf7cc9bf209aae2541a3e29d26db58f04,14027976,2025-10-17T16:14:30,120681.2578125,122754.86064554504,125839.94011517172,124352.28299311308,122266.53125,123513.4765625,121705.5859375,-488.32939554503537,-2326.463552671732,-2646.697055613069,0.3993974398002195,1.8835706170852544,2.174671799347188,True,True,True,212280,2025-10-17T14:28:23.979869
2025-10-03,18,0x8086c6191b3726b76075d245e5a1f7e44bc3100c0fd993f45eebf5dcc63d47e3,14027979,2025-10-17T16:14:48,122266.53125,121527.1701750503,121948.4362738378,109801.86344634104,122425.4296875,124752.53125,113214.3671875,898.259512449702,2804.0949761622032,3412.503741158973,0.7337197139046815,2.2477259163125827,3.0141967189617853,False,False,True,212280,2025-10-17T14:28:23.979996
2025-10-04,19,0x6770613844a5d18cf75b896c8b4fc5aff76cee8423bc9befd64dcba808822eb8,14027981,2025-10-17T16:15:00,122425.4296875,124230.5996162097,122891.55404233775,110586.90928808547,123513.4765625,121451.3828125,110807.8828125,-717.1230537096999,-1440.171229837768,220.9735244145268,0.5806030837022249,1.1858006030784711,0.1994204011536255,True,False,True,212280,2025-10-17T14:28:23.980119
2025-10-05,20,0x7460c382b2d6d3c6b41ac53faed76cf0175a583d251918483a5fb7950d50d1df,14027984,2025-10-17T16:15:18,123513.4765625,126084.26186538542,125321.01229337198,113341.70537063498,124752.53125,123354.8671875,115169.765625,-1331.7306153854151,-1966.145105871983,1828.0602543650168,1.0674978712188776,1.5938934155580848,1.5872744417291738,True,False,True,212280,2025-10-17T14:28:23.980244
2025-10-06,21,0xa8efb273ebe4d35093d84651e19cdda9ebc2b7de5933f63020463d2fc8b183e0,14027987,2025-10-17T16:15:36,124752.53125,121751.74831551856,120724.55022888548,112884.56282837126,121451.3828125,121705.5859375,115271.078125,-300.36550301856187,981.0357086145232,2386.5152966287424,0.24731336610821,0.8060728692587033,2.070350460365092,True,True,True,212280,2025-10-17T14:28:23.980375
2025-10-07,22,0x2b9140eca39f703f5e0118b2e7c52fc60a886521dc222083a1acb1823f2b54c8,14027990,2025-10-17T16:16:00,121451.3828125,124769.86625880231,111520.7643467656,115011.90145817026,123354.8671875,113214.3671875,113118.6640625,-1414.9990713023144,1693.602840734413,-1893.237395670265,1.1470962626480794,1.4959257228630287,1.6736737578727228,True,True,True,212280,2025-10-17T14:28:23.980502
2025-10-08,23,0x42255fc99a8097f555122c39911ee18ac4841183ba0581143e2cc7fc5d996f16,14027993,2025-10-17T16:16:18,123354.8671875,119832.64796223486,112865.84409715208,110368.6372586784,121705.5859375,110807.8828125,110783.1640625,1872.937975265144,-2057.961284652076,414.5268038216018,1.538908802614008,1.8572336483807643,0.3741785201113593,True,True,True,212280,2025-10-17T14:28:23.980626
2025-10-09,24,0xa510f3e5265df9af24edaefdc95714a3f5e3225e49ffb479c53a5a9dcf2d9769,14027993,2025-10-17T16:16:54,121705.5859375,114146.63386286033,115053.21221519489,112723.58047977308,113214.3671875,115169.765625,110853.75,-932.2666753603262,116.55340980512848,-1869.830479773067,0.8234526222421511,0.1012013953250835,1.686754376620608,True,True,True,212280,2025-10-17T14:28:23.980752
2025-10-10,25,0xb7be13e54eb7e1f58d369a9ff74501fc8b13f6ef6b8aba96110c9e0c69ed18b2,14027998,2025-10-17T16:17:24,113214.3671875,112381.98866712076,114253.87402182876,110312.76199919904,110807.8828125,115271.078125,109028.9296875,-1574.105854620764,1017.2041031712288,-1283.832311699036,1.4205720880745794,0.8824452063059324,1.1775152845935213,True,True,True,212280,2025-10-17T14:28:23.980875
2025-10-11,26,0x03725b6458210d02417539f637098d57754a25c19e5a38f7cdfc89e4c09f170a,14028002,2025-10-17T16:18:24,110807.8828125,114906.84894744006,115837.35483908757,109860.50382937372,115169.765625,113118.6640625,106545.5546875,262.9166775599442,-2718.690776587566,-3314.949141873716,0.2282861965839345,2.4033971750987466,3.1112974648229303,True,True,True,212280,2025-10-18T12:55:00.912970
2025-10-12,27,0xf127360b3cb0bb11a1435b0de4ade1a5cc07867196c658a5fc3f2e90f012ed80,14028005,2025-10-17T16:18:42,115169.765625,116284.38556854177,112114.51527640618,114000.5640690593,115271.078125,110783.1640625,106895.5234375,-1013.3074435417656,-1331.3512139061786,-7105.040631559299,0.8790647749845236,1.2017631245439755,6.64671485117288,True,True,True,212280,2025-10-19T02:44:48.340889
2025-10-13,28,0x109642a9cd6fc1246da2cd0ced044e69682e31e544b48790c8f7d4da2b963810,14028009,2025-10-17T16:19:00,115271.078125,115168.71508133088,112227.84093030312,115847.77485622966,113118.6640625,110853.75,108766.5703125,-2050.051018830869,-1374.090930303122,-7081.204543729662,1.812301299543443,1.2395529517974109,6.510460450655447,True,True,False,212280,2025-10-20T02:43:48.504770
2025-10-14,29,0xcdebbe812441126e8500118cc7f956f4684bd65b5243d36604f45d522de44635,14028012,2025-10-17T16:19:24,113118.6640625,110506.48883569124,109945.69002438888,110790.11094392811,110783.1640625,109028.9296875,109541.6328125,276.67522680875845,-916.7603368888668,-1248.4781314281136,0.2497448318524897,0.8408413615693522,1.1397293425095334,True,True,True,212280,2025-10-21T02:26:36.035130
2025-10-15,30,0x6a04d2c82924ae4cf55bd10b7e5a5256746d9cf9bea15ba777635425cb80c999,14028017,2025-10-17T16:20:00,110783.1640625,110003.67650803456,110346.52748909582,110409.25824718329,110853.75,106545.5546875,108562.109375,850.0734919654496,-3800.972801595824,-1847.1488721832864,0.7668423413420382,3.567462587007168,1.7014673745908748,False,True,True,212280,2025-10-22T02:29:59.094841
2025-10-16,32,ba3659bdc582f77f2408b2fa2f5a2dc533bf72f8f0bd22cbbc545e39baa883ba,14028301,2025-10-17T17:07:36,108186.0390625,108258.49317734876,108391.76851071416,108571.98812639528,105000.671875,106895.5234375,108385.8046875,-3257.8213023487624,-1496.2450732141588,-186.1834388952848,3.1026671012420723,1.3997265976147149,0.171778434853247,False,False,True,212280,2025-10-23T02:25:11.186350
2025-10-17,33,0x5a4f90629958a17da414222d0e6508ffbf625ca61fc8a5dc4670814003e8778b,14036125,2025-10-18T13:22:54,104886.5859375,104956.83034989797,105086.0410579294,105260.7643435914,106545.5546875,108766.5703125,110572.8984375,1588.7243376020342,3680.5292545706034,5312.134093908593,1.4911221235478016,3.383879112852397,4.804191776623467,True,True,True,212280,2025-10-24T02:21:26.983347
2025-10-18,34,0xde428870010329d70340f0b744fe2c23b2f7b12f828002d0d70cb50cdc792ca8,14036127,2025-10-18T13:23:06,106587.5859375,106658.96953985654,106790.27572475374,106967.83258828708,106895.5234375,109541.6328125,111033.75,236.55389764346185,2751.3570877462626,4065.917411712915,0.2212944845924917,2.511699905419248,3.661875251185261,True,True,True,212280,2025-10-25T02:23:03.816466
2025-10-19,36,41a34003b394f0d1802c0e14706f3fedeeba7c21390fb44b4272799307ad0518,14044943,2025-10-19T04:36:30,107182.2109375,107253.99277079664,107386.03147946298,107564.57888752408,108766.5703125,108562.109375,111646.1015625,1512.5775417033583,1176.0778955370188,4081.5226749759167,1.3906640039835156,1.0833226273031955,3.6557681977736247,True,True,True,212280,2025-10-26T02:40:19.245489
2025-10-20,37,4a8c58677fd257a20a22409afd0429971019ce8d9e4945684412851b7b25a413,14053340,2025-10-20T03:06:24,108818.625,108891.50276890396,109025.55739045145,109206.83078715204,109541.6328125,108385.8046875,115035.78125,650.1300435960438,-639.7527029514458,5828.950462847963,0.5935004134079844,0.5902550659618139,5.067075999753739,True,False,True,212280,2025-10-27T02:47:44.751006
2025-10-21,38,176ba505fbcd344f22ed4a511038ebf410dd679ef24ce71cca6d21e174fe07d3,14062253,2025-10-21T02:56:42,109669.5,109742.94761502744,109878.05043697356,110060.74124729632,108562.109375,110572.8984375,113944.875,-1180.8382400274422,694.8480005264428,3884.133752703681,1.087707531500276,0.628407150708089,3.408783196878036,False,True,True,212280,2025-10-28T02:26:19.668401
2025-10-22,39,ec53a04ac8971645b293181facaf1f41d200043552b537660823a143abb6ff6c,14071191,2025-10-22T03:02:48,108347.2734375,108419.83553387783,108553.3094932884,108733.7976981271,108385.8046875,111033.75,112601.0234375,-34.03084637783468,2480.440506711602,3867.225739372894,0.0313978813701232,2.233951845012532,3.4344499022421635,True,True,True,212280,2025-10-29T02:44:03.509371
2025-10-23,40,58b07adab9324fd49d822ccb3cfc8d029f5ee2bdfea38a4e4dbd2ddd5a98daae,14080087,2025-10-23T02:52:48,108278.3671875,108350.88313613646,108484.2722093314,108664.64562802948,110572.8984375,111646.1015625,110975.0546875,2222.0153013635427,3161.8293531686068,2310.4090594705194,2.0095478483088782,2.832010530523182,2.0819174777399403,True,True,True,212280,2025-10-30T02:40:55.229511
2025-10-24,41,a82a66c38ccc0c71dab2f5fabcbd988a23c1b868263d22908395f26caed20c45,14088748,2025-10-24T02:49:54,110522.2265625,110596.24526367524,110732.3985669762,110916.50987531058,111033.75,115035.78125,109373.8203125,437.5047363247577,4303.382683023796,-1542.689562810585,0.3940286051085888,3.740907947303392,1.4104742418275715,True,True,False,212280,2025-10-31T02:29:14.894894
2025-10-25,42,5067552b0d40b9f6ceee38c638db226c0858ff11117e4c9a3700f4a518b17b34,14097587,2025-10-25T02:51:24,111046.4921875,111120.86199869028,111257.6611494273,111442.64579548872,111646.1015625,113944.875,109488.203125,525.2395638097223,2687.2138505727053,-1954.4426704887155,0.4704504290422454,2.3583455162618816,1.7850714640529597,True,True,False,212280,2025-11-01T02:41:08.186606
2025-10-26,43,4c54dcc1d7c7959c3973655c1df16d493a468d60c15cd37d3b751266c6b9d57c,14106489,2025-10-26T03:01:42,111571.2734375,111645.9947040286,111783.4403374046,111969.299180137,115035.78125,112601.0234375,110070.6484375,3389.786545971394,817.5831000954058,-1898.6507426369933,2.946723627324776,0.7260885160153194,1.7249382733627483,True,True,False,212280,2025-11-02T02:44:29.666328
2025-10-27,44,37d282f31d8628a006903ff7d36f937b3b80614182ec0ef9faf6e9c0fac92c43,14115133,2025-10-27T03:10:18,114899.6953125,114976.64568236656,115118.19162793458,115309.5950577166,113944.875,110975.0546875,108901.8046875,-1031.7706823665649,-4143.136940434575,-6407.790370216593,0.9054998589156072,3.733394817512308,5.884007513561521,False,False,False,212280,2025-11-03T02:45:12.649628
2025-10-28,45,92a9ca814c415b84aef50bd68b0166c1cad2dc5e862dc91c744a35ee15132f1b,14123540,2025-10-28T02:59:36,113942.6953125,114019.00476244278,114159.3717712909,114349.18100117706,112601.0234375,109373.8203125,107141.8203125,-1417.9813249427823,-4785.551458790898,-7207.360688677058,1.2592970131659975,4.375408525657919,6.726935073209868,False,False,False,212280,2025-11-04T02:29:11.145488
2025-10-29,46,9646df65cdaa08d9c6ffa38cdf2ef3c38b7551255b158c78cb4e5d30a4be22b0,14132138,2025-10-29T03:07:00,112742.1796875,112817.68513077313,112956.5732138604,113144.38258806802,110975.0546875,109488.203125,101501.3984375,-1842.6304432731267,-3468.370088860407,-11642.984150568023,1.6604005724186202,3.167802548463284,11.470762304558049,False,False,False,212280,2025-11-05T02:41:34.950053
2025-10-30,47,c06f9ef1fa338b518f61250844562f3334d5ab383ac71dd8b7def7413791306b,14140562,2025-10-30T03:03:24,110842.7109375,110916.94427276216,111053.49238358438,111238.13756460138,109373.8203125,110070.6484375,103196.8984375,-1543.1239602621645,-982.84394608438,-8041.239127101377,1.41087140949561,0.8929210103113508,7.792132562948546,False,False,False,212280,2025-11-06T02:42:32.705552
2025-10-31,48,e2cf723736b5c88db9d40a2fea0e1c89c1361ed31afb29e7b22fe03c69956bc9,14148998,2025-10-31T03:02:24,108715.359375,108788.16798507796,108922.09539279342,109103.19676645473,109488.203125,108901.8046875,101362.5234375,700.0351399220381,-20.290705293416977,-7740.6733289547265,0.6393703795858492,0.0186321111497117,7.636622556785118,True,True,False,212280,2025-11-07T02:29:39.309244
2025-11-01,49,f1c58dd9af07c0b8a214bd39afa02d4623fc6f033261b9c9d7980112f76e1e78,14157187,2025-11-01T03:03:00,109717.6875,109791.16738705336,109926.32957160471,110109.10065414011,110070.6484375,107141.8203125,103122.0234375,279.4810504466441,-2784.509259104714,-6987.077216640115,0.2539106059735245,2.5989004582740427,6.775543170828906,True,False,False,212280,2025-11-08T02:22:47.673826
2025-11-02,50,9177fa3c2b2067ec180d551c42f5480e747d2932478fea7afd8260d56d95940a,14165074,2025-11-02T03:06:30,109958.078125,110031.71900593115,110167.17732980847,110350.34886240588,108901.8046875,101501.3984375,101775.0703125,-1129.9143184311542,-8665.778892308474,-8575.278549905881,1.0375533460382116,8.537595565882249,8.425716163669076,False,False,False,212280,2025-11-09T02:43:04.292889
2025-11-03,51,2669ca6217bcb41aad851167cc4b917cc9eca609e1a4f285423ada2634c3d274,14173246,2025-11-03T03:07:54,109012.3515625,109085.35907352902,109219.65234853327,109401.2484608721,107141.8203125,103196.8984375,105678.9296875,-1943.53876102902,-6022.753911033273,-3722.318773372099,1.81398706439774,5.836177251665061,3.5222903793398137,False,False,False,212280,2025-11-10T02:47:02.211575
2025-11-04,52,328ca7be919c7691e7399409c00c0092169d7a652d6da53c090eb6bbd60264aa,14181343,2025-11-04T03:02:12,106525.9140625,106597.2563621048,106728.48657287656,106905.94070151262,101501.3984375,101362.5234375,106890.859375,-5095.857924604803,-5365.963135376558,-15.081326512619851,5.020480508692304,5.293833414363647,0.0141090890285676,False,False,True,212280,2025-11-11T02:42:21.497581
2025-11-05,53,438afef9c7e7c3443ecea8607a24968b376d94d1566ee8292a4a553c49316691,14189606,2025-11-05T03:03:00,101446.1171875,101514.05745677464,101639.02982108296,101808.02186858097,103196.8984375,103122.0234375,103136.5,1682.840980725363,1482.9936164170358,1328.4781314190332,1.630708874205707,1.4380959245973737,1.2880775781794351,True,True,True,212280,2025-11-12T02:40:58.050929
2025-11-06,54,63faf07b52c1213a97b22a0cad5ea11b511430e3c82eb8cead592e944fb5461c,14197122,2025-11-06T03:05:30,103451.15625,103520.43932960182,103647.881719172,103820.21382211894,101362.5234375,101775.0703125,102201.03125,-2157.9158921018243,-1872.8114066720009,-1619.182572118938,2.1289090079060555,1.840147494785845,1.5843113834714244,False,False,False,212280,2025-11-13T02:43:53.051554
2025-11-07,55,9baad34b7c2011fa98ade64db5e3ca48cd26d7e7f3e5a5e8ebbb2b8d82547760,14204136,2025-11-07T03:02:12,101637.3828125,101705.45117576608,101830.6591618806,101999.9698255118,103122.0234375,105678.9296875,99741.234375,1416.5722617339195,3848.270525619402,-2258.7354505117983,1.373685479118312,3.6414737895236144,2.2645954450689523,True,True,False,212280,2025-11-14T02:41:45.834688
2025-11-08,56,c3f476a625797677a953b413399faf04705e81b982ac8b82f4400841306ecd25,14211227,2025-11-08T02:51:18,103206.046875,103275.1658004932,103402.3062376678,103574.23002991451,101775.0703125,106890.859375,95693.546875,-1500.095487993196,3488.553137332201,-7880.683154914514,1.473932155867992,3.263658986119178,8.23533395121061,False,True,False,212280,2025-11-15T02:26:28.619478
2025-11-09,57,a657ce74013ffaf2452473a82e01bf73c3c7551169bfc3832a9add67d43cfc6b,14218741,2025-11-09T03:04:42,101718.859375,101786.98230456932,101912.29066237807,102081.73705216125,105678.9296875,103136.5,95657.875,3891.9473829306808,1224.2093376219273,-6423.862052161247,3.6828035583246734,1.1869797187435362,6.715455525393227,True,True,False,212280,2025-11-16T02:47:04.286818
2025-11-10,58,ad21979ec58cd33d514147277197df9b6256a769a498c018d6becad255951ad9,14226074,2025-11-10T03:10:48,105898.9453125,105969.86771997996,106100.3255624324,106276.73526733182,106890.859375,102201.03125,94965.1484375,920.9916550200433,-3899.294312432394,-11311.586829831824,0.8616187206325782,3.815317971590814,11.911303268563191,True,False,False,212280,2025-11-17T02:44:03.071973
2025-11-11,59,3755841fd97fd70302994cba863a13f04b5612516949bded5d2e193a2ea5b225,14233153,2025-11-11T03:05:00,106547.5390625,106618.89584475195,106750.15269555151,106927.64284777456,103136.5,99741.234375,91087.28125,-3482.3958447519544,-7008.918320551515,-15840.361597774565,3.3764921679055955,7.027102045077848,17.39031111742021,False,False,False,212280,2025-11-18T02:41:21.356202
2025-11-12,60,3f7d12afd207ad6d6161374888ff6da63467e4e4b0e3cc35fd783fe7840e852a,14239817,2025-11-12T03:03:54,103037.75,103106.75621408224,103233.6893248558,103405.33276301622,102201.03125,95693.546875,92642.8984375,-905.7249640822412,-7540.142449855804,-10762.434325516224,0.8862190067991521,7.8794680478351795,11.617117455340544,False,False,False,212280,2025-11-19T02:41:14.293556
2025-11-13,61,7a13b5c4227407e8fc90069468e6988d96876543e9e1590ea2795b466cb14402,14246587,2025-11-13T03:06:12,102048.0234375,102116.3668140974,102242.08067201078,102412.0753933657,99741.234375,95657.875,92497.9609375,-2375.132439097404,-6584.205672010779,-9914.114455865696,2.381294410461725,6.883077500948855,10.718197844993114,False,False,False,212280,2025-11-20T02:28:58.834904
2025-11-14,62,c9aa651020865b837d373beb80d3e7a78c8af81ce3b2a6eaf64b8ccb9b7742ea,14253164,2025-11-14T03:04:54,99660.7578125,99727.50239484198,99850.27535922824,100016.29330042563,95693.546875,94965.1484375,86579.265625,-4033.955519841984,-4885.126921728239,-13437.027675425634,4.215493783620907,5.144126031607604,15.51991412542734,False,False,False,212280,2025-11-21T02:28:56.315080
2025-11-15,63,469dd24a1de9849bb0f9050d2634c2c3c8692aad34aea149c7f9374a9aefcfb7,14259876,2025-11-15T02:57:42,95951.5,96015.76042640208,96133.96392345428,96293.80286943913,95657.875,91087.28125,84589.140625,-357.8854264020774,-5046.682673454285,-11704.662244439123,0.3741306467471469,5.540491058903227,13.837074307597184,False,False,False,212280,2025-11-22T02:24:16.960179
2025-11-16,64,1d3b0685e8e858d0c05fd0d16f5a356ad8feaa5bd8f8e9c490b7ea97a8aa5ccb,14266624,2025-11-16T03:08:42,95793.7421875,95857.89696068875,95975.90611450374,96135.4822626952,94965.1484375,92642.8984375,86191.3515625,-892.7485231887549,-3333.0076770037413,-9944.130700195194,0.9400801640154388,3.597693652959596,11.537272034752116,False,False,False,212280,2025-11-23T02:56:09.830125
2025-11-17,65,4a930ce28092c35eb2c6c98d882ca46f809d9596d860fa1d896a25a7f4263439,14274695,2025-11-17T03:06:24,94890.6640625,94954.21402820386,95071.11067213118,95229.18244513684,91087.28125,92497.9609375,87289.1484375,-3866.93277820386,-2573.1497346311808,-7940.034007636845,4.245304860500335,2.7818448196602232,9.096244091923978,False,False,False,212280,2025-11-24T02:51:24.701082
2025-11-18,66,b0bd6c012e563570a69d6e32011f1e3acb27cd00b1ff1b30b1f892389b42ff5c,14283034,2025-11-18T03:03:42,91201.6796875,91262.7590747457,91375.11122636496,91527.03777627088,92642.8984375,86579.265625,87513.6328125,1380.1393627543002,-4795.845601364956,-4013.404963770881,1.4897411307628596,5.539254192957883,4.586034009546484,True,False,False,212280,2025-11-25T02:43:54.378706
2025-11-19,67,daf34a4273bff35159707c7eeacd397dc9029f8267272183fe0679b7a08173e7,14291362,2025-11-19T03:03:24,92610.8828125,92672.9059681464,92786.99412949385,92941.26817310417,92497.9609375,84589.140625,87880.0703125,-174.94503064639866,-8197.853504493847,-5061.197860604167,0.1891339321140358,9.691378165001716,5.75921007187026,False,False,False,212280,2025-11-26T02:44:05.201109
2025-11-20,68,757d85cb4d371b80b531602859597a556d2c98a59c34a3c25c4b6fda10eb4e20,14299778,2025-11-20T03:01:24,92362.765625,92424.62261215223,92538.4051157534,92692.2658381574,86579.265625,86191.3515625,91454.3125,-5845.356987152234,-6347.053553253398,-1237.9533381574,6.751451337633396,7.363909995831721,1.3536303584999343,False,False,False,212280,2025-11-27T02:40:49.631747
2025-11-21,69,b3db50d06ba4d5ff1b50bddc8e3a8766eadf331636a09f63207329e355f7280c,14308038,2025-11-21T03:02:24,86120.84375,86178.52041103691,86284.61343616247,86428.07617402822,84589.140625,87289.1484375,90831.59375,-1589.3797860369086,1004.5350013375282,4403.517575971782,1.8789406941523807,1.1508131529737473,4.848002103862437,False,True,True,212280,2025-11-28T02:29:30.754704
2025-11-22,70,64363c12416be02aff307f15b3599470bf6411c0c7d4d264eaaf658fa6eae61d,14316235,2025-11-22T02:52:42,84351.1875,84407.6789907664,84511.59196078777,84652.10675109923,86191.3515625,87513.6328125,90851.7578125,1783.672571733594,3002.040851712227,6199.651061400771,2.069433347312344,3.430369366729604,6.823919768504227,True,True,True,212280,2025-12-01T03:06:27.656501
2025-11-23,71,280d6e75c542f2c34b20fad945f4d7bb2f99e306ca5fce8b520b09354e64d9fc,14324742,2025-11-23T03:17:30,85950.4453125,86008.00785467215,86113.89096446335,86257.06984739564,87289.1484375,87880.0703125,90867.6171875,1281.1405828278512,1766.1793480366468,4610.547340104356,1.4676974237469644,2.009760963727207,5.0739168504779455,True,True,True,212280,2025-11-30T02:55:06.694518
2025-11-24,72,4cb888cd06d40dd3cd6f276f131b4b406e7c6ae3bfd3727473fadd3acd5e833a,14332963,2025-11-24T03:13:48,87519.2890625,87577.90228723921,87685.71806944907,87831.51038032584,87513.6328125,91454.3125,86753.8125,-64.26947473920882,3768.594430550933,-1077.697880325839,0.073439386154735,4.120739993043995,1.2422484375840417,False,True,False,212280,2025-12-01T03:06:27.657393
2025-11-25,73,826d50a78e929f88842c579a8a30f51c957ec5c187035acd050e824b6b155f07,14341134,2025-11-25T03:06:00,87766.9296875,87825.70876157098,87933.82961444557,88080.03445265628,87880.0703125,90831.59375,86812.984375,54.361550929024816,2897.764135554433,-1267.050077656284,0.0618587931663187,3.1902601461888724,1.4595167840136634,True,True,False,212280,2025-12-02T02:46:32.916335
2025-11-26,74,0781c3020b67cc29e3c81d30d91d806a517dfc00667898bea8a0d678002e9d32,14349507,2025-11-26T03:05:51,87765.890625,87824.66900319234,87932.78857603669,88078.99168334529,91454.3125,90851.7578125,92732.375,3629.6434968076646,2918.9692364633083,4653.383316654712,3.9688051854390847,3.212892415893022,5.018078439870339,True,True,True,212280,2025-12-03T02:45:55.714863
2025-11-27,75,92a507d807ae83601a44f4a7bbe5527967fca0652ad12a1b45d44acbc969ba65,14357855,2025-11-27T03:02:48,91842.4296875,91903.9381964188,92017.07969360054,92170.0736244712,90831.59375,90867.6171875,93872.0,-1072.344446418807,-1149.4625061005354,1701.9263755287975,1.1805853031383222,1.2649858570943782,1.813028779112832,False,False,True,212280,2025-12-04T02:46:49.648669
2025-11-28,76,d94b187425fd4008c32954747572f6cb8df0e8f8ef4c2ae99123e579378e5f61,14366297,2025-11-28T03:02:30,90838.71875,90899.55505584924,91011.4600726962,91162.7819911614,90851.7578125,86753.8125,92674.09375,-47.79724334923958,-4257.647572696194,1511.311758838594,0.0526101470132076,4.907735406667222,1.6307812654910303,True,False,True,212280,2025-12-05T02:47:30.282030
2025-11-30,78,8d6606b7e4103570673d88d5e2fbd6feb9e421e7d0d7eaad1c7397086416294a,14382565,2025-11-30T03:16:48,90783.1328125,90843.93189145812,90955.7684314996,91106.9977532085,86753.8125,92732.375,89547.8515625,-4090.119391458124,1776.6065685003996,-1559.1461907085031,4.714627834319239,1.9158428418342563,1.7411318792168853,False,True,False,212280,2025-12-07T02:55:31.631711
2025-12-01,79,c292d9ce77d9cb140b5ba06ee926249bf81665d778811b127da7eab57cf52f49,14390328,2025-12-01T03:28:18,86572.921875,86630.9013007991,86737.55124494433,86881.7670683898,86812.984375,93872.0,91258.984375,182.0830742008984,7134.448755055666,4377.217306610197,0.2097417517803176,7.600188293693185,4.796478217008644,True,True,True,212280,2025-12-08T02:48:58.720250
2025-12-02,80,4879bb1ca64355892d7cf4ab690aec9fac94106687f4080e015957c35aa76c28,14398343,2025-12-02T03:09:12,86618.46875,86676.47867935151,86783.18473309278,86927.47642991692,92732.375,92674.09375,90264.3046875,6055.896320648491,5890.909016907215,3336.8282575830817,6.530509243021642,6.356586591284811,3.696730694525777,True,True,True,212280,2025-12-09T02:46:52.946017
2025-12-03,81,be0948b6aa04f5fcc6e0f44e545e3d757f07754d0b34abf0ebf259d2e4fba844,14406162,2025-12-03T03:07:48,92649.828125,92711.87736301497,92826.01350143552,92980.3524213396,93872.0,89300.0234375,92020.9453125,1160.1226369850338,-3525.9900639355183,-959.4071088396012,1.2358558856581665,3.948476078960176,1.042596449733794,True,False,False,212280,2025-12-12T02:51:02.114449
2025-12-04,82,2b3abc7e0710e4074c0ccf3ad42c9901de7b5ae4ab7912842db54a7d5ebba952,14414519,2025-12-04T03:09:54,93895.6328125,93958.51638807544,94074.18724425136,94230.60146374068,92674.09375,89547.8515625,92511.3359375,-1284.4226380754408,-4526.335681751356,-1719.265526240677,1.3859565128743876,5.05465581001929,1.8584376809802,False,False,False,212280,2025-12-13T02:43:26.629171
2025-12-05,83,2342f77b978624c87723d3fd661d32185b08b4d8da5c052b595000233abcb3bf,14424033,2025-12-05T03:09:24,92563.78125,92625.77286089212,92739.8029974103,92893.99857779592,89300.0234375,91258.984375,92466.796875,-3325.749423392117,-1480.8186224102974,-427.2017027959228,3.72424249778587,1.6226551638196414,0.4620055168272235,False,False,False,212280,2025-12-12T02:51:02.115335
2025-12-06,84,b0df859be146900a68935e10175315cb8be2bda4b4d4c4e0b85789752bece93d,14432355,2025-12-06T03:00:36,89285.171875,89344.9677428715,89454.95893165469,89603.69290417805,89547.8515625,90264.3046875,90275.7890625,202.8838196285069,809.3457558453083,672.0961583219469,0.2265646981903345,0.8966398828942491,0.7444921449056948,True,True,True,212280,2025-12-13T02:43:26.630067
2025-12-07,85,45596c0098f21993045f271a9ad5db014f97375eaf130769fe8068e340eff6d7,14441155,2025-12-07T03:16:42,89586.09375,89646.09115060419,89756.45304769278,89905.68830508739,91258.984375,92020.9453125,90280.171875,1612.8932243958116,2264.4922648072243,374.4835699126125,1.7673802041979076,2.460844383979197,0.4148015695308095,True,True,True,212280,2025-12-14T02:56:47.706550
2025-12-08,86,fee79b1791a95c44985a073a67909393ba8e01caed67e5f98b376909f8d8f079,14449802,2025-12-08T03:11:36,91419.4296875,91480.6549057942,91593.27530555429,91745.56459007598,90264.3046875,92511.3359375,89340.703125,-1216.350218294203,918.0606319457148,-2404.8614650759846,1.3475428880832512,0.9923763640879102,2.691787036543971,False,True,False,212280,2025-12-15T02:57:07.158162
2025-12-12,87,9a17f68c34027af6dd5172b3c613cdec89be82c4790de3ed9927bb420cd8c274,14482584,2025-12-12T09:54:06,92183.375,92245.11184605956,92358.67335677148,92512.23524478078,90275.7890625,89340.703125,85615.0625,-1969.3227835595608,-3017.970231771484,-6897.172744780779,2.1814517535772007,3.378046205377325,8.056027226261476,False,False,False,212280,2025-12-19T02:51:22.161745
2026-01-10,93,4e37cd3c5df5dd49b5e5169267ec28613dcd67d7d5c65788f1d2bde83cb44eb3,14776690,2026-01-10T03:13:36,90552.2421875,90612.8866348993,90724.43873874845,90875.28343578614,90568.53125,91065.484375,95250.25,-44.35538489930332,341.04563625155424,4374.966564213857,0.048974389103062,0.3745059267978601,4.59312869437493,True,True,True,212280,2026-01-17T02:49:17.389774
2026-01-11,94,11212c8c8a69e833983f6adb72adab729852cbcbd7b6717d2a92b1b4442e4b49,14783759,2026-01-11T03:29:00,90574.546875,90635.2062602453,90746.7858414352,90897.66769430414,92122.5625,95306.4921875,94999.03125,1487.3562397547066,4559.706346064806,4101.363555695862,1.6145406721124442,4.784255764123945,4.317268820250061,True,True,True,212280,2026-01-18T03:04:46.252837
2026-01-12,95,2bf0c9d79ea0a79a6ed04dfd931f68daf1c5647fae0f7b4d61f8216387e0e9a7,14791775,2026-01-12T03:27:12,92346.2890625,92408.13501500525,92521.8972209841,92675.73049622588,91065.484375,96177.4609375,92557.65625,-1342.6506400052458,3655.563716515898,-118.0742462258786,1.4743792878499646,3.800852799484311,0.1275683190453286,False,True,True,212280,2026-01-19T03:05:02.367301
2026-01-13,96,6044bc80c97745b0390e851546f3202c3e7a24af37273948eb4dd0eb1659e6cc,14803678,2026-01-13T03:18:36,91019.5390625,91080.4964669291,91192.62423790991,91344.24737238698,95306.4921875,95487.2734375,92509.6171875,4225.995720570907,4294.649199590087,1165.369815113023,4.434111070059056,4.497614231702926,1.2597282861424368,True,True,True,212280,2026-01-20T02:59:38.481421
2026-01-14,97,9ec64249288f3c31f8077829ad22c8ee37d460274ce936980a58dc730e320584,14817566,2026-01-14T03:26:06,95376.2734375,95440.14862444066,95557.64349482954,95716.52421079762,96177.4609375,95250.25,88989.4296875,737.3123130593449,-307.3934948295355,-6727.094523297623,0.7666165293534628,0.3227219821780368,7.5594309873890015,True,False,False,212280,2026-01-21T02:58:14.848495
2026-01-15,98,4b6d476af9f14d05b05c90a70bd2c9f09a02e91cf91020a89c820726a00e473f,14831278,2026-01-15T03:21:06,96283.296875,96347.77951167151,96466.39175221324,96626.78341558948,95487.2734375,94999.03125,89892.3125,-860.5060741715133,-1467.3605022132397,-6734.470915589482,0.9011735733922142,1.5446057532436572,7.491709500286224,False,False,False,212280,2026-01-22T03:03:28.985483
2026-01-16,99,ac06bd1197fb74a777c902df6fcefa07399b067be2e6d019be33a1fc9e9c93ee,14845136,2026-01-16T03:19:54,95517.1015625,95581.07106454112,95698.73942233622,95857.854734106,95250.25,92557.65625,89562.15625,-330.8210645411164,-3141.0831723362207,-6295.698484106004,0.347317791335053,3.3936502927992205,7.029418169134359,False,False,False,212280,2026-01-23T02:58:55.012543
2026-01-17,100,f383d251a82ff95b106f6486ce9cc6b50b29b236c3e5fdfa48c522bbd5e52827,14858899,2026-01-17T03:12:30,95309.5546875,95373.38519170694,95490.79787068068,95649.56744451262,94999.03125,92509.6171875,89530.8125,-374.3539417069405,-2981.180683180676,-6118.754944512621,0.3940607991272969,3.2225629873036543,6.834244852310059,False,False,False,212280,2026-01-24T02:53:16.459577
2026-01-18,101,f3b246dc627c113bef3970e7858eb9bf0d2c9dbc12a12f8ece6656263615b856,14872913,2026-01-18T03:25:48,95016.96875,95080.60330419987,95197.65554398298,95355.93771920352,92557.65625,88989.4296875,89031.0546875,-2522.9470541998744,-6208.225856482983,-6324.883031703517,2.725811301212453,6.976363235818139,7.104131310028762,False,False,False,212280,2026-01-25T03:09:43.057583
2026-01-19,102,2537f2dd289df2909d6c7c6c507d99442d5e62f5d990ee44cbb27f03fa4c0240,14886878,2026-01-19T03:27:42,92740.4765625,92802.58650938608,92916.83431841432,93071.32424326056,92509.6171875,89892.3125,87526.5390625,-292.9693218860775,-3024.521818414316,-5544.785180760562,0.316690665028137,3.364605642350469,6.334975928616579,False,False,False,212280,2026-01-26T03:11:39.385009
2026-01-20,103,993ac68e0442880951f5d6b1fd4349989ee2beef80d79c0cfd71ed1a6f31d40b,14900599,2026-01-20T03:23:18,92347.2421875,92409.08877833,92522.85215847194,92676.68702145852,88989.4296875,89562.15625,88714.890625,-3419.6590908299986,-2960.695908471942,-3961.7963964585215,3.842769981601921,3.30574433715908,4.465762589062,False,False,False,212280,2026-01-27T03:03:59.863900
2026-01-21,104,48512de0216fa1b0f4d341c4e4a0d657aae5b0f1de69ebbcf9da2b7c653961f4,14914213,2026-01-21T03:22:48,88993.0234375,89052.62364836596,89162.25493691862,89310.50223963149,89892.3125,89530.8125,89093.046875,839.6888516340405,368.5575630813837,-217.4553646314889,0.9341052958605782,0.4116544380532497,0.2440766953863243,True,True,True,212280,2026-01-28T03:01:27.136450
2026-01-22,105,c9a18a635a8b1f0240add31fca59c7d69ea6fb8b018df7d5f2915fccbc13b301,14927755,2026-01-22T03:26:30,89848.0390625,89908.21189253964,90018.89648236334,90168.56809627824,89562.15625,89031.0546875,88030.03125,-346.0556425396353,-987.8417948633432,-2138.536846278236,0.3863860105976795,1.109547447607668,2.4293264649707087,False,False,False,212280,2026-01-29T03:25:12.180327
2026-01-23,106,d2d5525f8c2196e1fb41a4f34789957bd2e8da30c21ec42e4df36eb8100c9605,14941274,2026-01-23T03:22:54,89693.7421875,89753.81168217771,89864.30619232357,90013.72077378072,89530.8125,87526.5390625,82137.7578125,-222.99918217770755,-2337.767129823565,-7875.962961280718,0.2490753473031506,2.670923761939494,9.588724078954744,False,False,False,212280,2026-01-30T03:25:53.004118
2026-01-24,107,b4eb838d6a65da5bb5cf9c63b7c393e48fba2030d8f4f18b59d4f6b6da0c0d1a,14954523,2026-01-24T03:16:48,89695.53125,89755.60194284469,89866.09865695238,90015.51621868461,89031.0546875,88714.890625,84027.6875,-724.5472553446889,-1151.2080319523811,-5987.828718684614,0.8138140763218609,1.2976491588301289,7.126018693165409,False,False,False,212280,2026-01-31T03:20:57.334789
2026-01-25,108,14693f1fbdd2d734d5c824d3a64f762f6812c0a93e7c8086e483a8f0189ec07e,14967948,2026-01-25T03:32:06,88905.8515625,88965.3933928106,89074.91729356349,89223.01938269846,87526.5390625,89093.046875,78698.5859375,-1438.854330310598,18.12958143651485,-10524.43344519846,1.643906346260483,0.0203490418976815,13.37309091367492,False,True,False,212280,2026-02-01T03:47:05.693776
2026-01-26,109,354028e87522074c1f876388c810f8565aacdd8bd7a3a79a1149657f136589d6,14981199,2026-01-26T03:34:42,87328.7890625,87387.27470600046,87494.85580958426,87640.33077972941,88714.890625,88030.03125,74811.078125,1327.6159189995378,535.17544041574,-12829.252654729413,1.4964972730580288,0.6079464392053593,17.14886748897446,True,True,False,212280,2026-02-02T03:39:06.497816
2026-01-27,110,37600c6bc11a0383b4fa41662918801b2b1956030832aab5a6859704a01f97be,14994269,2026-01-27T03:26:54,88516.921875,88576.20323218033,88685.2480070293,88832.70220518485,89093.046875,82137.7578125,78221.171875,516.8436428196728,-6547.490194529295,-10611.530330184847,0.5801166992804935,7.971352480153623,13.566059004002677,True,False,False,212280,2026-02-03T03:32:26.614600
2026-01-28,111,ea7b01ab21bc171e1d1b78e8520de0431655aaedaaed961908d25783b5e8d82b,15007363,2026-01-28T03:24:36,88961.15625,89020.73511884362,89130.32714992762,89278.52136730403,88030.03125,84027.6875,76360.1875,-990.703868843615,-5102.639649927616,-12918.333867304029,1.125415786835376,6.072569413418186,16.917629841210154,False,False,False,212280,2026-02-04T03:30:09.663164
2026-01-29,112,4d749bb4f719cb9154e575a81d0acc42c3bbfba76532263df8fadfc95f824e96,15020704,2026-01-29T03:55:30,87873.9296875,87932.78042137437,88041.03308849037,88187.41617057659,82137.7578125,78698.5859375,71368.515625,-5795.022608874366,-9342.447150990369,-16818.900545576587,7.055248113909995,11.8711753708127,23.566274845829945,False,False,False,212280,2026-02-05T03:31:09.206416
2026-01-30,113,3f28500d317946b283f87f96c50c390676f7229bfb9e5db63a96f7ef36a71a59,15033699,2026-01-30T03:54:36,82374.0859375,82429.25332817994,82530.7306893915,82667.95196339674,84027.6875,74811.078125,64466.34375,1598.4341718200594,-7719.652564391494,-18201.608213396743,1.9022708102255688,10.318862871475954,28.2342803308071,True,False,False,212280,2026-02-06T03:30:10.513702
2026-01-31,114,c2a0fe438362e49d279ee19062dffc0db03e4c7237f8a6903c0ae558269aab7b,15046610,2026-01-31T03:52:12,84007.25,84063.51114970446,84167.00042009354,84306.94226878881,78698.5859375,78221.171875,70632.7265625,-5364.925212204456,-5945.828545093536,-13674.215706288816,6.817054141817891,7.601303333316414,19.35960336203228,False,False,False,212280,2026-02-07T03:23:41.880512
2026-02-01,115,150285cab79bdf8edde73c8fb59b610c31d7827f644c8333f7ec21ff9e8a1c80,15059637,2026-02-01T04:15:54,78675.203125,78727.8933080621,78824.81398299336,78955.87354477867,74811.078125,76360.1875,69146.609375,-3916.8151830621055,-2464.6264829933643,-9809.264169778677,5.235608523803916,3.227632832872974,14.186182458463712,False,False,False,212280,2026-02-08T03:52:22.622717
2026-02-02,116,3ad9db77887dd5bbd128a97c363afaccf7e2a04b7bacb96009f5d07e73687f1e,15072234,2026-02-02T04:08:30,76201.125,76252.15824893117,76346.03108525276,76472.96925196052,78221.171875,71368.515625,70897.0546875,1969.0136260688305,-4977.515460252762,-5575.914564460516,2.517238720503164,6.9743855769772605,7.86480424192236,True,False,False,212280,2026-02-09T03:41:16.814692
2026-02-03,117,f6049ea874a699eb3ea2c48b234d95834d2abe16106e16beaa94bcafa259bda9,15084652,2026-02-03T04:00:48,78528.0078125,78580.59941624291,78677.33875997365,78808.15311930142,76360.1875,64466.34375,69350.671875,-2220.4119162429124,-14210.995009973643,-9457.481244301423,2.907813598863822,22.04405304120205,13.637187627176717,False,False,False,212280,2026-02-10T03:49:02.709334
2026-02-04,118,bbf538e4ab707d0e979399c92b2c0318e03babeba5a2a69773b9aef796710bf0,15098226,2026-02-04T03:58:48,76766.3515625,76817.76335371472,76912.33249761164,77040.21223603003,71368.515625,70632.7265625,68492.5859375,-5449.247728714719,-6279.605935111642,-8547.626298530027,7.635366493184955,8.890504785419937,12.47963729436322,False,False,False,212280,2026-02-11T03:45:56.516040
2026-02-05,119,79401ab14ab9411f520f790a153ef322e8370ae4d403f4abe97cf009bae6dbbc,15112007,2026-02-05T04:00:00,71360.375,71408.16631254554,71496.07578635216,71614.95008352399,64466.34375,69146.609375,67361.0234375,-6941.822562545538,-2349.4664113521576,-4253.926646023989,10.768134438437944,3.3978042200310816,6.315115817637384,False,False,False,212280,2026-02-12T03:41:41.072513
2026-02-06,120,f7f5c6e7f39424fa868e01df939969993e6e44cf9bccbe1f33f2ba243a9589d5,15125736,2026-02-06T04:00:06,64560.01171875,64603.24870703649,64682.78075348586,64790.32679732982,70632.7265625,70897.0546875,66650.6328125,6029.477855463512,6214.273934014142,1860.3060151701795,8.536379875026167,8.76520747075519,2.7911303114008668,True,True,True,212280,2026-02-13T03:38:26.477013
2026-02-07,121,9b61349db1cbb6ded4aa3295c11b31fa579781089287de0838db1e280206fadf,15138788,2026-02-07T03:53:48,70708.578125,70755.93291758373,70843.03943708539,70960.82795106992,69146.609375,69350.671875,68835.765625,-1609.3235425837338,-1492.36756208539,-2125.0623260699213,2.3274077458461555,2.15191507412543,3.087148529220592,False,False,False,212280,2026-02-14T03:26:37.185412
2026-02-08,122,1bc6e9158fa7edf0b8a97cef5d694745d61418e172509b5f0f2bbc5b5aa60592,15151856,2026-02-08T04:20:00,69137.1953125,69183.49772206135,69268.66844125092,69383.83929764293,70897.0546875,68492.5859375,69292.671875,1713.556965438649,-776.0825037509203,-91.16742264293134,2.41696495431533,1.13308979815582,0.1315686351471511,True,False,True,212280,2026-02-15T03:40:24.210599
2026-02-09,123,b40eb6def475f5a4cd94d854e481a74681614abd129bdc909ba90600c1bb3dde,15164768,2026-02-09T04:11:12,71292.8671875,71340.61328886263,71428.43959920108,71547.20143979229,69350.671875,67361.0234375,68188.09375,-1989.9414138626307,-4067.416161701083,-3359.1076897922903,2.869390245345234,6.038233913525645,4.926237859219067,False,False,False,212280,2026-02-16T03:39:36.615935
2026-02-10,124,2a127d5d861c483f4398100e3144d6e67d67a86bb04939c916ad563634f5f4a3,15178041,2026-02-10T04:18:30,69680.6171875,69727.2835363578,69813.12370173633,69929.19980692305,68492.5859375,66650.6328125,68605.078125,-1234.6975988578051,-3162.490889236331,-1324.1216819230467,1.8026733579375671,4.744877513965961,1.9300636601717256,False,False,False,212280,2026-02-17T03:33:57.556322
2026-02-12,125,4f7681a0b28fb6e2e6e5e5e259bc54be81569b58008837cea405a5a61681c93f,15202110,2026-02-12T04:10:00,67544.3984375,67589.63412266038,67672.84266136587,67785.36018796451,66650.6328125,69292.671875,66919.1640625,-939.0013101603836,1619.829213634133,-866.1961254645139,1.4088408024601358,2.337663088755204,1.294391730081265,False,True,False,212280,2026-02-19T03:35:09.181940
2026-02-13,126,25492e0502952a1bb84fe390154015323e5ba19314ea9e3b8745e0ac25ade4ca,15213902,2026-02-13T04:06:30,66421.515625,66465.99929556623,66547.82454505563,66658.47153909132,68835.765625,68188.09375,67398.7890625,2369.766329433769,1640.2692049443722,740.3175234086812,3.4426381517184863,2.4055067604003404,1.0984136862194551,True,True,True,212280,2026-02-20T03:30:55.748254
2026-02-14,127,973dff0cad65017b85c9e0c50d9589f5dd7ab130ed76b3062f76d64ece2eebe3,15226317,2026-02-14T03:55:48,68926.65625,68972.81765780598,69057.72901207209,69172.54914604872,69292.671875,68605.078125,67763.390625,319.85421719402075,-452.65088707208633,-1409.1585210487249,0.4615989087143578,0.6597921020472365,2.079527762781166,True,False,False,212280,2026-02-21T03:21:47.342642
2026-02-15,128,0e1ad4ece5aeb6a5372a181b2c0343ab6a4813181ef7900accce9a2c6beeafb8,15238981,2026-02-15T04:07:36,69939.984375,69986.82442667708,70072.98410877585,70189.4922757633,68188.09375,67550.5546875,67904.7734375,-1798.730676677078,-2522.429421275854,-2284.718838263303,2.6378955294920208,3.734135763866083,3.3645923881421584,False,False,False,212280,2026-02-22T03:34:49.274988
2026-02-16,129,680158a55092208b24e967f7a8d93d2c77ddb30236702c9642052b6ad6d39762,15251249,2026-02-16T04:08:54,68382.5234375,68428.32042988203,68512.56146214902,68626.4751630295,68605.078125,66919.1640625,64843.0703125,176.75769511796534,-1593.397399649024,-3783.404850529507,0.2576452063736577,2.381077860089302,5.834709603194358,True,False,False,212280,2026-02-23T03:38:49.178181
2026-02-17,130,734b386bbcb88629528d2ccab06cb02042fc0be2ecdd13516e9dc57c2d6ba4f0,15263423,2026-02-17T04:04:06,68535.796875,68581.69651732966,68666.12636849284,68780.29539695755,67550.5546875,67398.7890625,63678.2578125,-1031.141829829663,-1267.3373059928415,-5102.0375844575465,1.5264742600558872,1.8803561957435453,8.012212896088403,False,False,False,212280,2026-02-24T03:34:22.888671
2026-02-18,131,ede4b171d0b469328c93c26f8952490f98e87787432478b9a09d9afdc5a47b62,15275540,2026-02-18T04:06:12,67631.5390625,67676.83310728706,67760.14899529517,67872.8116834145,66919.1640625,67763.390625,65596.2421875,-757.6690447870642,3.2416297048330307,-2276.569495914504,1.1322153457855952,0.0047837477949887,3.4705791368462355,False,True,False,212280,2026-02-25T03:34:17.583382
2026-02-19,132,950031bb87a717f64323a963d89a0b9eac6fb3d82500667390c07f46148cb3b0,15287450,2026-02-19T04:05:06,66915.15625,66959.97052047402,67042.40389019251,67153.87320589274,67398.7890625,67904.7734375,68101.2265625,438.8185420259833,862.3695473074913,947.3533566072584,0.6510777836365276,1.2699689633766644,1.3910958795108093,True,True,True,212280,2026-02-26T03:31:22.896537
2026-02-20,133,85be0dcba708ddc402139d5c3e4c40b3a6cdc838a1cbbaa6e1088a818668f347,15299268,2026-02-20T04:00:36,67362.703125,67407.81712557748,67490.8018322289,67603.0166852139,67763.390625,64843.0703125,67114.4921875,355.5734994225204,-2647.731519728899,-488.52449771389365,0.5247280222299537,4.08329140950392,0.7278971825475286,True,False,False,212280,2026-02-27T03:28:20.222506
2026-02-21,134,b99d0fcde2aebe203fd58ba394360e4f3ad97c80016685c5ad4dd29f1e84a30c,15310999,2026-02-21T03:52:30,67794.046875,67839.4497541599,67922.965836972,68035.89923558012,67904.7734375,63678.2578125,65883.921875,65.32368334010243,-4244.708024471998,-2151.9773605801165,0.0961989563226019,6.665867079734654,3.2663164233953954,True,False,False,212280,2026-02-28T03:08:05.404686
2026-02-22,135,481073462c0a8a1537bdabd109f3838ec49be78619b32afd7b1c962c799dac31,15322793,2026-02-22T04:02:03,68027.9609375,68073.52047306858,68157.3247166723,68270.64777648635,64843.0703125,65596.2421875,67567.8671875,-3230.45016056858,-2561.0825291723013,-702.7805889863521,4.9819512632575575,3.9043128748926113,1.0401106594590954,False,False,False,212280,2026-03-01T03:39:50.081205
2026-02-23,136,28c42707f561dc077823e147dd1c712e665e7a9aaa19997ce81be5bd2224af13,15334635,2026-02-23T04:07:48,64946.36328125,64989.859016050585,65069.86701238901,65178.05665249284,63678.2578125,68101.2265625,66717.828125,-1311.6012035505846,3031.3595501109885,1539.7714725071564,2.05973160794157,4.451255437123374,2.307886086492952,False,True,True,212280,2026-03-02T03:28:46.744360
2026-02-24,137,3be0e1c84fb5bf31cbfde11d7936d29bb4219ff8bd41aa234fb9cc07330dd8cb,15346310,2026-02-24T04:03:42,63591.55859375,63634.14699175116,63712.48599227518,63818.41875725705,65596.2421875,67114.4921875,68389.5625,1962.095195748844,3402.0061952248216,4571.143742742948,2.991170119380313,5.06895915374063,6.683978630135188,True,True,True,212280,2026-03-03T03:32:07.453797
2026-02-25,138,e3ee37def9efd9d73d5188b60e41c7c5b907be970bb4f3a72fe35be203491d8c,15358420,2026-02-25T04:05:12,65433.87109375,65477.69332120474,65558.30188270658,65667.30362824816,68101.2265625,65883.921875,68222.109375,2623.533241295263,325.61999229341745,2554.805746751837,3.85240233358721,0.4942328614122403,3.7448354648618447,True,True,True,212280,2026-03-04T03:24:28.224655
2026-02-26,139,73d566297565df8955d5528cbc25503995be9231abd778688b2fae4839fe2906,15370606,2026-02-26T04:01:48,68265.734375,68311.45315166935,68395.55031046271,68509.26946054772,67114.4921875,67567.8671875,72577.8203125,-1196.9609641693532,-827.6831229627132,4068.5508519522846,1.7834612542777846,1.2249655900280274,5.605777129203152,False,False,True,212280,2026-03-05T03:27:27.791588
2026-02-27,140,abfb94ac4d5571f37a0290011569c9c19165f98c6ca7952789d758280acfca62,15382656,2026-02-27T03:57:30,67329.5546875,67374.64648797922,67457.59035877883,67569.7499920819,65883.921875,66717.828125,71117.34375,-1490.7246129792184,-739.7622337788343,3547.5937579181045,2.2626531186281453,1.108792439095655,4.988366509285021,False,False,True,212280,2026-03-06T03:25:36.826253
2026-02-28,141,dfd2ade0c4cc1ddc52b12b9368dae72a3e476234c37c01e9e87abb21416dea91,15394375,2026-02-28T03:31:54,65904.453125,65948.59050961211,66029.77878525853,66139.56444075331,67567.8671875,68389.5625,68358.0078125,1619.2766778878868,2359.7837147414684,2218.443371746689,2.3965188562107698,3.450502720706056,3.245330638996508,True,True,True,212280,2026-03-07T03:13:07.327050
2026-03-01,142,b9e3758b10f23428826ca26fd78eac23641f96ab9ddfdb1338e88ed1d10a6f4b,15406560,2026-03-01T04:08:36,67574.7109375,67619.96692348085,67703.21280442178,67815.78082651086,66717.828125,68222.109375,67014.7890625,-902.1387984808534,518.8965705782175,-800.9917640108615,1.3521705124912644,0.7605988371393969,1.1952462661097576,False,True,False,212280,2026-03-08T03:29:07.741851
2026-03-02,143,6e7eef03ce57d8b6b2ea4655c2653dfe98c2878b0cfa8041b0720dfc26e65832,15418503,2026-03-02T03:58:18,66881.9140625,66926.70607008971,67009.09848846495,67120.51242831163,68389.5625,72577.8203125,67237.1875,1462.8564299102873,5568.7218240350485,116.67507168836892,2.1390053926873525,7.672759804658881,0.1735275909456637,True,True,True,212280,2026-03-09T03:32:45.949613
2026-03-03,144,0c4ba2db89bce07f39725a1a6bf2d1af3e7fec4a85aebf9577513d96d0329e97,15430199,2026-03-03T04:00:00,68353.2734375,68399.05084063672,68483.25583957136,68597.12081490643,68222.109375,71117.34375,70234.90625,-176.9414656367153,2634.087910428643,1637.7854350935668,0.2593608835284057,3.703861493601753,2.331868187114676,False,True,True,212280,2026-03-10T03:24:41.458123
2026-03-04,145,f41bf2c04a663d5f7bb2e110ac7128e312568e628056fa662f52eee76afa44d3,15442021,2026-03-04T03:53:54,67449.2734375,67494.44541575573,67577.53676913679,67689.89583359845,72577.8203125,68358.0078125,69555.0546875,5083.374896744266,780.4710433632135,1865.1588539015504,7.004033566806858,1.1417404753865517,2.6815575981952966,True,True,True,212280,2026-03-11T03:24:32.350347
2026-03-05,146,74c75e45f8982444c929a59725a6ec9b33adb5181c899e2821447d2b6f45fd61,15453833,2026-03-05T03:57:00,72441.0703125,72489.58538592048,72578.82617779076,72699.5007302966,71117.34375,67014.7890625,69424.296875,-1372.24163592048,-5564.037115290761,-3275.203855296597,1.9295456826176525,8.302700333954007,4.717662263391266,False,False,False,212280,2026-03-12T03:30:35.848640
2026-03-06,147,c41228da13acb73d97c00ec92159aa0044e2e67a59fc9365254b7daebbb4c2fc,15465822,2026-03-06T03:54:48,71122.3828125,71170.014737444,71257.63102658093,71376.10886908136,68358.0078125,67237.1875,71249.2421875,-2812.0069249439985,-4020.4435265809298,-126.86668158136308,4.113646688851855,5.979493902211376,0.1780603943091771,False,False,True,212280,2026-03-13T03:27:14.581545
2026-03-07,148,e9d0816b19ea20b6064dc7f9cda97b994c1c83144703212e89c6b5f9320fa153,15478383,2026-03-07T03:36:24,68234.7890625,68280.4871145431,68364.54615153372,68478.21375196986,67014.7890625,70234.90625,70968.4921875,-1265.6980520430952,1870.360098466277,2490.278435530141,1.8886846765460488,2.6630064711822365,3.5089916084884285,False,True,True,212280,2026-03-14T03:25:21.433414
2026-03-08,149,bf8c9d13f0bcec6880ea53c3f53c2cab14031928c7c329eba43d742a788561fa,15491383,2026-03-08T03:56:24,67018.796875,67063.68055544421,67146.2416009605,67257.88356438652,67237.1875,69555.0546875,71294.953125,173.50694455578923,2408.813086539507,4037.069560613483,0.258052055725545,3.463174743175644,5.662489957087664,True,True,True,212280,2026-03-15T03:48:52.921480
2026-03-09,150,f3b019b0d485757b3fff68aecdf3ad95706d87c2570e1aced720978c5b9bcc0c,15504275,2026-03-09T04:01:30,67227.3046875,67272.32800933532,67355.14591746032,67467.13521958329,70234.90625,69424.296875,73707.5625,2962.578240664676,2069.1509575396776,6240.427280416712,4.218099516100195,2.980442079615484,8.466468119084405,True,True,True,212280,2026-03-16T03:52:45.495205
2026-03-10,151,560fffa6345d767b6ba6447ebb0d7f6444056c9b9e11846952c7aa8dc78f9efc,15517073,2026-03-10T03:54:36,70077.6171875,70124.54941431992,70210.87864749134,70327.61608743109,69555.0546875,71249.2421875,74844.1328125,-569.4947268199176,1038.363540008664,4516.516725068912,0.8187682827345453,1.457367837367448,6.034563505978109,False,True,True,212280,2026-03-17T03:32:04.822935
2026-03-11,152,05e2781b0a027cad2cdba8ad8c28f0029eb3d74d960fa27e42604b0bd00b63ea,15529932,2026-03-11T03:54:24,69605.921875,69652.53819907829,69738.28634664416,69854.23802209273,69424.296875,70968.4921875,74614.859375,-228.24132407829163,1230.2058408558369,4760.62135290727,0.3287628890059128,1.7334535410525722,6.380259096892884,False,True,True,212280,2026-03-18T03:38:34.284227
2026-03-12,153,64f055a826134e325bcb76077e7711ce7860b98ea24766b414923e51a70c0b2e,15542750,2026-03-12T03:59:24,69562.3984375,69608.98561315797,69694.68014381826,69810.55931659229,71249.2421875,71294.953125,71345.046875,1640.2565743420273,1600.2729811817408,1534.487558407709,2.3021389757739694,2.244581013155328,2.150797603505968,True,True,True,212280,2026-03-19T03:38:43.317462
2026-03-13,154,2e2f77ad55d4d645ef08b17068a1fba50f6b19f81aa977ae64423cd02fe2b0a1,15555322,2026-03-13T03:56:54,71045.5234375,71093.10388835333,71180.62549374998,71298.9753015507,70968.4921875,73707.5625,70517.609375,-124.61170085333288,2526.937006250024,-781.3659265507013,0.1755873585761221,3.428328003995552,1.1080436978450836,False,True,False,212280,2026-03-20T03:28:53.026325
2026-03-14,155,8682c95a56b2c79db5e70d5d69875d21cdd75fc2b3625bca6675e1807553d04f,15567853,2026-03-14T03:56:24,71094.34375,71141.95689668506,71229.53864425421,71347.96977842599,71294.953125,74844.1328125,70685.0546875,152.99622831493616,3614.594168245792,-662.9150909259915,0.2145961552800111,4.829495689797217,0.9378433586233356,True,True,False,212280,2026-03-21T03:20:40.212223
2026-03-15,156,c2f10e1532bdabddadc2764caee267fd7a7de308d19768f2a49756ff070b99ae,15580731,2026-03-15T04:18:12,71584.1640625,71632.10525056161,71720.29041208327,71839.53750392608,73707.5625,74614.859375,69375.359375,2075.45724943839,2894.568962916732,-2464.1781289260834,2.8157995991773435,3.879346536551362,3.551950074386311,True,True,False,212280,2026-03-22T03:37:21.922872
2026-03-16,157,c0464e550840f85c9ecbdbe2069843ad74ae4bc8545c1995146fc482f426faa2,15593463,2026-03-16T04:24:54,73790.0,73839.4184756279,73930.32102584839,74053.24266672134,74844.1328125,71345.046875,68189.875,1004.7143368721008,-2585.2741508483887,-5863.367666721344,1.3424089492614173,3.6236210698381273,8.598589844491347,True,False,False,212280,2026-03-23T03:42:07.309098
2026-03-17,158,1372849c4c7aa1b7cbb93b5b5aeb45ff17f9ea2ed7af73d1215870ea2d313005,15605338,2026-03-17T04:02:12,74394.9375,74444.7611130327,74536.40889108181,74660.33825536072,74614.859375,70517.609375,70534.375,170.09826196730137,-4018.79951608181,-4125.9632553607225,0.2279683475813042,5.699001358243095,5.849577961611941,True,False,False,212280,2026-03-24T03:33:07.812024
2026-03-18,159,1707073a93f9ff6dfd1ec5766fded193d457ded34b5e558abe72696b197466b2,15617294,2026-03-18T04:09:00,74488.171875,74538.05792875215,74629.82056304812,74753.90524000302,71345.046875,70685.0546875,70650.484375,-3193.011053752154,-3944.765875548124,-4103.42086500302,4.475448813351353,5.580763703144902,5.808057653536816,False,False,False,212280,2026-03-25T03:35:51.350587
2026-03-19,160,a505b70cee6fe3e884950062e831611c924a2fab5938b4846e51c79333b38f3f,15629555,2026-03-19T04:07:18,71223.125,71270.82439377904,71358.5647881031,71477.21045002341,70517.609375,69375.359375,70865.7265625,-753.2150187790394,-1983.205413103104,-611.4838875234127,1.068123303462511,2.858659660965689,0.8628767631192136,False,False,False,212280,2026-03-26T03:46:19.385003
2026-03-20,161,e566f99a9c2670f2fc87cc7d92b1876f8e8cc6e9695903bf823ba463f3761fc5,15642194,2026-03-20T03:58:42,70607.828125,70655.11544351652,70742.09784820676,70859.71852975711,70685.0546875,68189.875,68835.921875,29.93924398347736,-2552.2228482067585,-2023.7966547571125,0.0423558333736025,3.742817901054604,2.9400298559698954,True,False,False,212280,2026-03-27T03:48:10.298138
2026-03-21,162,5c49ec4138253c82c0221f6ec016c96fcaa32b3c4db4d7e8b3d6dcf19f1071ed,15654438,2026-03-21T03:50:48,70656.765625,70704.0857178308,70791.12840905786,70908.8306121938,69375.359375,70534.375,66126.640625,-1328.726342830807,-256.7534090578556,-4782.189987193793,1.91527129344086,0.3640117447100872,7.2318659196877855,False,False,False,212280,2026-03-28T03:34:18.026429
2026-03-22,163,f77f5d1f039e22bfadb360ba4b5f4d7c6e32caed47839717dfef56d1d42a8787,15666526,2026-03-22T04:04:54,69322.84375,69369.27049162239,69454.66991275549,69570.15002799779,68189.875,70650.484375,66843.9765625,-1179.3954916223884,1195.8144622445109,-2726.173465497792,1.7295756761871002,1.6925778681110573,4.078413053341888,False,True,False,212280,2026-03-29T03:53:19.648014
2026-03-23,164,09bb5f8c5e4aed984b3cab606fb979bd1cd4352cbe46b3f4014e25c1f7f8e2a8,15678230,2026-03-23T04:12:18,68069.9375,68115.5251480192,68199.38110291958,68312.77408857644,70534.375,70865.7265625,67224.9609375,2418.8498519808054,2666.345459580421,-1087.813151076436,3.429320600034813,3.762531746892962,1.6181685134600394,True,True,False,212280,2026-03-30T03:57:22.635147
2026-03-24,165,3c3e1090f8f47a08ab2892a54e360a474bd29e8b279a92e20e86754c32c0bd38,15690200,2026-03-24T04:02:36,70455.9921875,70503.17781878822,70589.97317545116,70707.3409240488,70650.484375,68835.921875,67667.109375,147.30655621178448,-1754.0513004511597,-3040.2315490487963,0.2085004193742082,2.5481627218363734,4.492923633253391,True,False,False,212280,2026-03-31T03:48:27.239700
2026-03-25,166,02765fda805fa0da7834004a8fbad037848ec40050991ac2baf5cd22739f82a7,15703191,2026-03-25T04:04:30,70723.2265625,70770.5911654029,70857.7157304436,70975.52864624374,70865.7265625,66126.640625,68101.8203125,95.13539709709583,-4731.075105443597,-2873.708333743736,0.1342474023930188,7.154567449257289,4.2197232328843794,True,False,False,212280,2026-04-01T04:10:25.691500
2026-03-26,167,cba4d54c29bdb56e0411f00b832c1a75fce6ea03a7f4e4ce9a7504878fd60f07,15715925,2026-03-26T04:17:48,70820.4375,70867.867206797,70955.11152684689,71073.08637960255,68835.921875,66843.9765625,66726.9921875,-2031.945331797004,-4111.134964346886,-4346.094192102552,2.9518676825260486,6.150344691870509,6.51324756238107,False,False,False,212280,2026-04-02T03:41:47.963417
2026-03-27,168,090f5a2b325bbb410886c21f0337acf98617c567f8c18b1cb050b48481b42332,15728544,2026-03-27T04:18:54,68437.078125,68482.91165362671,68567.21989229321,68681.22447204217,66126.640625,67224.9609375,66548.234375,-2356.27102862671,-1342.2589547932148,-2132.990097042173,3.563270425287403,1.9966675117016903,3.205179096146641,False,False,False,212280,2026-04-03T03:43:42.759845
2026-03-28,169,3e2487e5ce1269409708aded3ed73065b120e825cff727a79a21aba4321679f0,15740914,2026-03-28T04:04:18,66169.7578125,66214.07287638076,66295.58798320591,66405.81559137069,66843.9765625,67667.109375,66845.84375,629.9036861192435,1371.5213917940855,440.0281586293131,0.9423492115707316,2.02686564338568,0.658273026330546,True,True,True,212280,2026-04-04T03:31:34.927525
2026-03-29,170,7968005c6f50cf8f6c3af309625ab2b2408893eaa5debe152fc7a8dad48c92fe,15753604,2026-03-29T04:23:00,66854.53125,66899.30491883308,66981.66360408068,67093.03192880005,67224.9609375,68101.8203125,67121.4765625,325.65601866692305,1120.156708419323,28.44463369995356,0.4844272337617125,1.6448263839046309,0.0423778426171352,True,True,True,212280,2026-04-05T03:52:27.956819
2026-03-30,171,924791e6daf191e505a5e080ef16aaec9a92797dc47486517934f5f736851125,15766194,2026-03-30T04:31:42,67347.8515625,67392.95561672188,67475.92202760279,67588.11214040034,67667.109375,66726.9921875,69044.9921875,274.1537582781166,-748.9298401027918,1456.8800470996648,0.4051506866634445,1.122379138562594,2.11004448105857,True,False,True,212280,2026-04-06T03:56:23.489783
2026-03-31,172,ed00e534ab71cb82ccdb4106d3eed9114897a841b7fe3bc25ecfa07aa1ed9b1a,15778351,2026-03-31T04:20:54,67592.7109375,67637.97897840105,67721.24703370035,67833.84504074045,68101.8203125,66548.234375,68756.1875,463.84133409895,-1173.012658700347,922.3424592595547,0.68109975911145,1.7626503087826615,1.3414682995033065,True,False,True,212280,2026-04-07T03:47:14.257665
2026-04-01,173,10775553dba0b9df86bb2a44d2ae6be635f0ab8a13d4f74007549d171b536204,15790525,2026-04-01T04:35:12,68151.953125,68197.59570034221,68281.55269101262,68395.08230080828,66726.9921875,66845.84375,,-1470.603512842208,-1435.708941012621,,2.20391098808991,2.147790887915333,,False,False,,212280,2026-04-04T03:31:34.929154
2026-04-02,174,bf4ec8b3fae469a3f032e5f118b4b5538e62a272129f6dde55ced1ec0c33d062,15802760,2026-04-02T04:13:48,66614.125,66658.73766449094,66740.80019116402,66851.76803979278,66548.234375,67121.4765625,,-110.5032894909382,380.6763713359833,,0.1660499193235556,0.5671454068527789,,False,True,,212280,2026-04-05T03:52:27.958491
2026-04-03,175,dc4ff92bdc0186b74db039b84228003cd658cac91e2e660d7cbdbfc6ba49e45f,15815582,2026-04-03T04:14:54,66604.0546875,66648.66060772352,66730.71072869003,66841.66180188395,66845.84375,69044.9921875,,197.1831422764808,2314.281458809972,,0.2949819034582547,3.351845493044972,,True,True,,212280,2026-04-06T03:56:23.491485
2026-04-04,176,d33b6740cd0fc792179c6f8def6b0020f32da0e9be465147dc75e9787cc96d39,15827633,2026-04-04T04:01:54,66837.3046875,66882.06681939773,66964.40428309143,67075.74391127564,67121.4765625,68756.1875,,239.40974310226736,1791.783216908574,,0.3566812820027008,2.6059955940817314,,True,True,,212280,2026-04-07T03:47:14.259345
2026-04-05,177,4c350e7e712b61a72b7267e5fc69b90918e6f6f532152a5c800d4e7fc63ba951,15839855,2026-04-05T04:22:18,67066.6171875,67111.53289405815,67194.15284983814,67305.87447380461,69044.9921875,,,1933.459293441847,,,2.8002889596848752,,,True,,,212280,2026-04-06T03:56:23.492370
2026-04-06,178,d4a4ac9326274af2ad92fd7f793a16843c376488890c84dbc1fc8bc26d3fe56c,15851905,2026-04-06T04:31:30,68998.8671875,69045.07695625536,69130.0772678107,69245.01769297756,68756.1875,,,-288.88945625536144,,,0.420165030609589,,,False,,,212280,2026-04-07T03:47:14.260264
2026-04-07,179,1eb064a71c426ee0d8f3690a6c697472488a9101f77789a503b54608ed836332,15863487,2026-04-07T04:18:30,68652.671875,68698.64979059622,68783.22362110019,68897.58734351769,,,,,,,,,,,,,212280,
