timestamp,price
2025-08-13 07:04:22.376,119400.0823890513
2025-08-13 08:05:45.810,119447.29320742634
2025-08-13 09:04:22.290,119961.31743970366
2025-08-13 10:06:18.661,120088.70517219532
2025-08-13 11:05:44.447,120489.21646853567
2025-08-13 12:04:54.741,120659.93968255015
2025-08-13 13:08:36.285,120334.65795575143
2025-08-13 14:00:42.736,121481.77364916756
2025-08-13 15:09:07.277,121125.28687546166
2025-08-13 16:08:48.880,121171.2743899936
2025-08-13 17:01:02.871,121432.344266374
2025-08-13 18:02:07.157,121796.38787126781
2025-08-13 19:02:34.493,121573.55140785241
2025-08-13 20:09:01.226,122736.16844950369
2025-08-13 21:09:23.117,122850.47480835272
2025-08-13 22:04:11.504,122655.92371568155
2025-08-13 23:05:46.087,123066.19096595528
2025-08-14 00:04:14.138,123419.33444694606
2025-08-14 01:04:45.718,123770.05025514928
2025-08-14 02:22:42.015,123566.4525746493
2025-08-14 03:14:19.483,123782.08008719778
2025-08-14 03:21:25.544,123732.10955513605
2025-08-14 04:09:46.133,123429.5512477068
2025-08-14 05:09:12.479,123133.50376717577
2025-08-14 06:04:49.799,122081.40740761199
2025-08-14 07:02:44.678,121814.87572168793
2025-08-14 08:10:29.582,121835.4214245897
2025-08-14 09:08:46.367,121704.7226137641
2025-08-14 10:09:11.689,121611.5814603175
2025-08-14 11:09:30.613,120911.85757179689
2025-08-14 12:05:50.438,120915.1358091418
2025-08-14 13:09:23.675,119324.09392463375
2025-08-14 14:06:57.496,118348.9031066928
2025-08-14 15:09:08.431,118766.88768939592
2025-08-14 16:02:16.728,118220.42386146332
2025-08-14 17:02:53.512,117846.8293927414
2025-08-14 18:03:28.287,117907.69961243957
2025-08-14 19:02:08.088,118140.15175629064
2025-08-14 20:03:14.751,117999.92193421233
2025-08-14 21:01:49.666,117972.50058212507
2025-08-14 22:02:56.603,117848.00060956631
2025-08-14 23:03:09.940,118327.47253939268
2025-08-15 00:03:27.613,118387.76940297017
2025-08-15 01:00:38.512,118319.47330275648
2025-08-15 02:01:36.429,118766.71007333513
2025-08-15 03:00:36.953,118785.93318559029
2025-08-15 04:01:48.855,119049.72027859472
2025-08-15 05:03:19.015,118938.14472096805
2025-08-15 06:01:35.001,119044.65802389507
2025-08-15 07:02:27.043,119160.51538435975
2025-08-15 08:03:03.800,119084.85197497487
2025-08-15 09:03:08.736,118970.54631253434
2025-08-15 10:02:57.439,118856.5972093437
2025-08-15 11:00:30.668,118971.70611595799
2025-08-15 12:03:30.173,119094.80293447574
2025-08-15 13:00:48.512,118775.09135434593
2025-08-15 14:03:32.043,117912.93866816521
2025-08-15 15:02:41.037,117387.54999240847
2025-08-15 16:00:23.626,117367.4347951849
2025-08-15 17:01:08.736,117407.49931529992
2025-08-15 18:01:04.967,117670.62799352725
2025-08-15 19:02:05.799,117219.33341108754
2025-08-15 20:02:43.522,117000.41118669232
2025-08-15 21:02:56.579,117371.50148995162
2025-08-15 22:03:06.651,117372.65388438936
2025-08-15 23:06:02.115,117805.21195916239
2025-08-16 00:00:46.219,117396.51852350791
2025-08-16 01:03:07.981,117800.72549274012
2025-08-16 02:03:08.130,117954.97333880374
2025-08-16 03:02:51.235,117569.54211594824
2025-08-16 04:02:57.432,117533.98734372148
2025-08-16 05:02:25.789,117903.7017188172
2025-08-16 06:07:20.248,117696.32142573298
2025-08-16 07:07:25.451,117451.02331171713
2025-08-16 08:03:10.562,117663.79245540539
2025-08-16 09:01:13.697,117657.13593094652
2025-08-16 10:02:09.908,117411.10125498683
2025-08-16 11:02:54.351,117466.55165291626
2025-08-16 12:03:25.410,117448.5772878559
2025-08-16 13:02:47.207,117816.83364875686
2025-08-16 14:03:24.481,117711.81257679683
2025-08-16 15:00:39.179,117817.33458730514
2025-08-16 16:02:51.110,117745.29749254188
2025-08-16 17:00:44.831,117821.00630637373
2025-08-16 18:05:53.900,117763.14050380496
2025-08-16 19:03:10.389,117748.69876342453
2025-08-16 20:02:05.909,117734.22808778555
2025-08-16 21:02:29.270,117709.02188428598
2025-08-16 22:02:53.272,117503.9270349045
2025-08-16 23:07:33.282,117484.75585417039
2025-08-17 00:05:46.326,117397.54362420287
2025-08-17 01:02:58.518,117369.57653063927
2025-08-17 02:02:44.298,117521.58845065876
2025-08-17 03:02:14.587,117663.3727826123
2025-08-17 04:00:02.408,117784.9202897309
2025-08-17 05:00:35.889,118146.94391682425
2025-08-17 06:03:06.372,118082.79247968765
2025-08-17 07:02:45.641,118027.58938661608
2025-08-17 08:02:27.972,118094.96996974589
2025-08-17 09:00:50.982,118375.95123513404
2025-08-17 10:02:59.374,118348.89228201286
2025-08-17 11:02:50.913,118359.5056951518
2025-08-17 12:03:07.021,118384.92193419846
2025-08-17 13:02:11.175,118185.47472943665
2025-08-17 14:02:36.364,118451.62072881311
2025-08-17 15:02:16.029,118213.36966862573
2025-08-17 16:03:18.243,118303.92136200068
2025-08-17 17:00:26.969,118019.83988133041
2025-08-17 18:03:13.393,117975.7857182899
2025-08-17 19:02:14.870,117800.3890012445
2025-08-17 20:03:19.090,117659.9232573146
2025-08-17 21:02:23.419,117744.57938981004
2025-08-17 22:03:22.102,117792.21371595125
2025-08-17 23:01:54.800,118004.76868885547
2025-08-18 00:02:30.727,117519.35606632655
2025-08-18 01:03:14.591,117293.77662722742
2025-08-18 02:02:53.312,116457.32687457414
2025-08-18 03:01:30.899,115762.72294417131
2025-08-18 04:02:43.252,115355.15362701363
2025-08-18 05:03:07.777,115582.39765044459
2025-08-18 06:03:32.999,115677.2437142178
2025-08-18 07:03:21.362,115295.02327023851
2025-08-18 08:03:48.982,115338.9847735173
2025-08-18 09:00:27.213,115197.40503646056
2025-08-18 10:03:03.017,115074.7800568399
2025-08-18 11:02:25.005,115124.87334587987
2025-08-18 12:00:38.558,115044.56004926866
2025-08-18 13:02:19.735,115527.0309311352
2025-08-18 14:02:13.194,114995.26995245655
2025-08-18 15:02:12.018,115648.19465225624
2025-08-18 16:03:21.565,116256.12045700087
2025-08-18 17:02:48.704,116083.85779306894
2025-08-18 18:03:17.580,116717.50032215302
2025-08-18 19:03:07.996,116612.61591671837
2025-08-18 20:02:47.066,116359.64918942218
2025-08-18 21:02:34.740,116467.14070857807
2025-08-18 22:01:27.625,116713.43762065737
2025-08-18 23:02:51.292,116445.12054707026
2025-08-19 00:06:58.562,116315.1187900144
2025-08-19 01:02:57.300,116578.69611080748
2025-08-19 02:02:55.046,115840.82295104749
2025-08-19 03:03:27.066,115739.41713066881
2025-08-19 04:02:33.984,114853.79567274198
2025-08-19 05:03:04.816,115310.22932577619
2025-08-19 06:02:28.348,115021.97815753656
2025-08-19 07:02:51.797,114985.89568101108
2025-08-19 08:01:05.724,115011.33437220617
2025-08-19 09:00:29.123,115244.10458929573
2025-08-19 10:00:58.919,115371.1864707095
2025-08-19 11:01:41.387,115429.16618470901
2025-08-19 12:02:45.234,115559.44716650811
2025-08-19 13:01:52.658,115599.61514159056
2025-08-19 14:02:31.238,115239.4878544111
2025-08-19 15:02:29.349,114004.88666207601
2025-08-19 16:02:40.464,113820.33698581933
2025-08-19 17:01:02.973,113404.06193584246
2025-08-19 18:00:55.792,113494.55052097653
2025-08-19 19:05:35.423,112832.75554814276
2025-08-19 20:02:42.362,113271.63940944368
2025-08-19 21:02:24.159,113497.50086327353
2025-08-19 22:02:24.396,113414.51430137384
2025-08-19 23:00:35.729,113170.10811534988
2025-08-20 00:02:24.721,112896.32534645073
2025-08-20 01:00:37.645,113221.30878378011
2025-08-20 02:00:43.860,113038.63562802887
2025-08-20 03:02:13.328,113436.86955390326
2025-08-20 04:02:17.509,113499.88101366491
2025-08-20 05:00:47.331,113576.63342572509
2025-08-20 06:01:46.002,113712.34453532855
2025-08-20 07:02:32.058,113616.7780659848
2025-08-20 08:00:31.111,113548.32584815667
2025-08-20 09:01:36.202,113979.37893099306
2025-08-20 10:02:34.089,113738.87260459366
2025-08-20 11:02:21.868,113814.60747522612
2025-08-20 12:02:29.547,113772.5953048606
2025-08-20 13:00:20.461,113704.65095237858
2025-08-20 14:01:07.017,112721.52528522459
2025-08-20 15:05:18.525,113468.71586206947
2025-08-20 16:00:45.904,113364.1275536759
2025-08-20 17:02:43.088,113947.58727837629
2025-08-20 18:02:23.731,114200.26919279918
2025-08-20 19:02:29.859,113588.02274704837
2025-08-20 20:02:37.116,114227.65280595022
2025-08-20 21:01:38.563,114351.92452461013
2025-08-20 22:02:11.136,114422.93252401563
2025-08-20 23:02:02.274,114590.45445269886
2025-08-21 00:01:42.284,114250.43172587751
2025-08-21 01:02:19.563,114337.7268829338
2025-08-21 02:02:07.089,114723.4072135875
2025-08-21 03:01:12.204,113987.89517975388
2025-08-21 04:01:31.792,113987.13392915655
2025-08-21 05:02:02.324,113808.26421295329
2025-08-21 06:02:33.048,113954.38733064673
2025-08-21 07:02:15.544,113737.02812154038
2025-08-21 08:02:35.497,113890.13604780457
2025-08-21 09:02:44.932,113638.22918676953
2025-08-21 10:00:56.020,113396.1776883503
2025-08-21 11:02:25.842,113373.80279295826
2025-08-21 12:00:47.607,113132.28582905016
2025-08-21 13:01:50.458,112952.51362584245
2025-08-21 14:02:58.527,113504.91074576437
2025-08-21 15:02:30.029,113266.26639577647
2025-08-21 16:01:48.251,112773.38343187496
2025-08-21 17:02:05.532,112398.3636645793
2025-08-21 18:02:04.597,112379.88592699269
2025-08-21 19:02:22.153,112571.655424373
2025-08-21 20:01:52.647,112023.06158201321
2025-08-21 21:02:51.090,112564.21553111593
2025-08-21 22:02:41.573,112561.18367557136
2025-08-21 23:02:29.621,112468.84756023913
2025-08-22 00:02:51.862,112414.39987336512
2025-08-22 01:02:36.235,112570.05901657068
2025-08-22 02:01:26.472,112817.82613496445
2025-08-22 03:01:24.381,113266.61693979731
2025-08-22 04:01:49.894,112933.12517331423
2025-08-22 05:00:44.257,112787.89866622085
2025-08-22 06:02:26.997,113216.10154703319
2025-08-22 07:02:36.216,112999.09282659138
2025-08-22 08:02:24.914,113108.75506378774
2025-08-22 09:02:41.935,112993.43834510577
2025-08-22 10:02:37.279,113074.45957010616
2025-08-22 11:02:22.275,112521.5479279412
2025-08-22 12:01:38.441,112288.33375620782
2025-08-22 13:02:32.032,112360.04916226704
2025-08-22 14:02:48.421,112497.07530672899
2025-08-22 15:02:36.906,115949.64822768302
2025-08-22 16:02:32.195,116733.62955688963
2025-08-22 17:01:59.526,116242.77576562841
2025-08-22 18:01:12.029,116925.15114552547
2025-08-22 19:02:53.164,116754.18597018225
2025-08-22 20:04:21.905,116630.95770630019
2025-08-22 21:00:39.854,116893.16140783997
2025-08-22 22:02:25.029,117016.4148378404
2025-08-22 23:03:02.033,116690.82991354102
2025-08-23 00:01:49.434,116897.54178212964
2025-08-23 01:00:34.385,116840.2881931396
2025-08-23 02:02:12.950,116431.22818366549
2025-08-23 03:02:13.028,115820.56605227095
2025-08-23 04:02:18.492,115506.45234208381
2025-08-23 05:02:39.819,115836.07441882673
2025-08-23 06:02:01.222,115916.12989192463
2025-08-23 07:02:44.649,115686.06492737045
2025-08-23 08:02:16.421,115756.2715219422
2025-08-23 09:03:05.928,115734.99631164433
2025-08-23 10:02:47.918,115693.18189345239
2025-08-23 11:02:07.091,115518.50378351717
2025-08-23 12:00:00.562,115274.0388844848
2025-08-23 13:02:23.249,115135.13762173562
2025-08-23 14:01:35.437,114821.41680903742
2025-08-23 15:02:46.088,114686.33732965987
2025-08-23 16:02:24.239,114783.2566749885
2025-08-23 17:02:12.024,114971.81358538911
2025-08-23 18:02:37.432,115025.4752987663
2025-08-23 19:02:04.743,115092.92711799828
2025-08-23 20:03:01.408,115099.37297567134
2025-08-23 21:02:31.788,115226.72980830548
2025-08-23 22:02:36.015,115167.53577999982
2025-08-23 23:01:40.362,115280.20647376521
2025-08-24 00:03:09.115,115359.98346714744
2025-08-24 01:00:06.611,115363.99729235176
2025-08-24 02:02:12.191,115431.1805844341
2025-08-24 03:00:36.078,115069.43066346603
2025-08-24 04:01:45.888,114993.24273069265
2025-08-24 05:02:23.931,115086.60114191737
2025-08-24 06:00:53.884,114953.03010212432
2025-08-24 07:02:42.692,114844.61849424148
2025-08-24 08:02:30.401,114879.69078631983
2025-08-24 09:02:08.786,114753.3400146967
2025-08-24 10:01:43.563,114823.03309844933
2025-08-24 11:02:32.598,114736.45359290068
2025-08-24 12:02:54.000,114695.2412707355
2025-08-24 13:02:47.741,114614.30553312866
2025-08-24 14:01:09.178,114578.64745830485
2025-08-24 15:02:00.257,114472.18350232056
2025-08-24 16:01:54.199,114369.60753646833
2025-08-24 17:02:02.369,114250.27307611563
2025-08-24 18:01:59.243,114367.75226983133
2025-08-24 19:02:33.861,114566.05862349035
2025-08-24 20:00:39.541,112217.2548926291
2025-08-24 21:02:42.661,112698.95169330903
2025-08-24 22:02:54.764,113061.2323796558
2025-08-24 23:02:32.010,113414.74875838551
2025-08-25 00:02:31.739,113399.54847314971
2025-08-25 01:00:55.537,112585.42278319375
2025-08-25 02:02:28.534,113023.46267055321
2025-08-25 03:01:53.333,113415.23674884671
2025-08-25 04:02:21.093,113208.55925045427
2025-08-25 05:01:45.531,112763.21919387885
2025-08-25 06:01:44.424,112392.21541055867
2025-08-25 07:00:09.035,111949.0739478392
2025-08-25 08:02:28.529,111472.72000741534
2025-08-25 09:03:08.736,111577.96708361676
2025-08-25 10:03:00.092,111632.32778606439
2025-08-25 11:02:48.113,110955.98821477545
2025-08-25 12:02:25.457,111218.67088723912
2025-08-25 13:01:53.515,111492.03809636572
2025-08-25 14:02:35.854,111321.38417438182
2025-08-25 15:02:59.101,112210.11202691354
2025-08-25 16:02:51.652,112290.17460521753
2025-08-25 17:00:56.917,112547.51261168132
2025-08-25 18:02:43.593,112497.5793839499
2025-08-25 19:01:53.880,112386.51107136758
2025-08-25 20:03:34.623,110909.83928590608
2025-08-25 21:02:57.718,109690.83734151356
2025-08-25 22:02:55.775,110180.98485988827
2025-08-25 23:03:22.354,110239.01953202092
2025-08-26 00:00:50.533,110185.35443900425
2025-08-26 01:00:41.595,109214.15345032258
2025-08-26 02:02:19.618,109728.828049138
2025-08-26 03:02:35.237,109702.83902011866
2025-08-26 04:02:28.236,109901.68999609181
2025-08-26 05:02:29.764,110093.02421135378
2025-08-26 06:02:38.519,110275.87047428692
2025-08-26 07:01:39.264,110007.15361203271
2025-08-26 08:01:07.749,110304.27215130755
2025-08-26 09:01:51.675,110152.35553114467
2025-08-26 10:02:12.586,110185.45908945947
2025-08-26 11:02:29.379,110215.27817468811
2025-08-26 12:02:08.639,109677.9347150727
2025-08-26 13:03:23.920,110150.8422047899
2025-08-26 14:02:45.274,109798.30968920077
2025-08-26 15:02:31.816,110332.08066219365
2025-08-26 16:00:18.607,109711.32807576722
2025-08-26 17:02:41.965,109881.034253352
2025-08-26 18:02:33.939,109816.60727497659
2025-08-26 19:02:23.091,110753.61395335088
2025-08-26 20:02:34.071,111094.40395034778
2025-08-26 21:02:40.727,111363.70210444374
2025-08-26 22:02:38.261,111450.63572055796
2025-08-26 23:05:32.611,111889.77042079122
2025-08-27 00:02:25.667,111842.70999260596
2025-08-27 01:01:51.662,111365.02501415942
2025-08-27 02:02:06.995,111263.82257988887
2025-08-27 03:00:08.376,111187.4957975124
2025-08-27 04:01:41.251,111519.27221730023
2025-08-27 05:00:38.283,111605.7581072873
2025-08-27 06:02:10.981,111373.0830708973
2025-08-27 07:02:08.901,111054.43395634122
2025-08-27 08:02:46.341,110692.47419258242
2025-08-27 09:01:45.519,110711.82323814013
2025-08-27 10:06:33.154,110979.2966833095
2025-08-27 11:01:06.124,111006.11176683908
2025-08-27 12:02:34.572,111315.87558119372
2025-08-27 13:01:01.554,111337.10808421562
2025-08-27 14:01:52.627,111484.2870822013
2025-08-27 15:02:10.236,111885.40822394217
2025-08-27 16:02:19.120,111952.54564260962
2025-08-27 17:02:14.682,112146.40816198313
2025-08-27 18:02:46.354,112370.95333819998
2025-08-27 19:02:37.377,112117.98555959277
2025-08-27 20:02:13.842,112036.43796942328
2025-08-27 21:02:39.998,112313.86641648396
2025-08-27 22:02:24.961,111484.66081809542
2025-08-27 23:06:41.720,111438.43391304565
2025-08-28 00:02:06.746,111241.29264807492
2025-08-28 01:00:17.181,111279.9840682491
2025-08-28 02:02:15.481,111659.07422306083
2025-08-28 03:01:35.350,111492.62276162558
2025-08-28 04:02:48.043,111972.00291151149
2025-08-28 05:01:57.526,112973.09401848726
2025-08-28 06:02:32.406,112796.14678561086
2025-08-28 07:02:29.630,113194.26010797978
2025-08-28 08:02:24.259,113084.56059867593
2025-08-28 09:02:29.810,113079.89885511795
2025-08-28 10:02:17.782,112851.5035949865
2025-08-28 11:02:51.561,112984.18074069126
2025-08-28 12:02:33.317,112994.8051418919
2025-08-28 13:02:20.506,113220.30581858233
2025-08-28 14:02:50.627,112807.00850651073
2025-08-28 15:02:09.969,113127.76497911806
2025-08-28 16:00:38.390,112672.54945390136
2025-08-28 17:02:30.192,112471.39040607649
2025-08-28 18:02:53.202,112395.34736845951
2025-08-28 19:02:40.347,112405.27708292821
2025-08-28 20:03:07.060,112053.8352679849
2025-08-28 21:00:57.725,111946.7754584206
2025-08-28 22:02:02.118,112029.05303062919
2025-08-28 23:02:22.849,112406.3705221515
2025-08-29 00:02:29.398,112512.68098276858
2025-08-29 01:02:39.623,112170.56839954754
2025-08-29 02:03:16.657,111479.67155871727
2025-08-29 03:01:43.876,111441.32035684185
2025-08-29 04:02:43.731,111740.83258167285
2025-08-29 05:02:31.940,111537.02447096257
2025-08-29 06:00:28.150,111271.11086371409
2025-08-29 07:02:52.036,111229.55686331021
2025-08-29 08:02:52.950,110056.44930497855
2025-08-29 09:03:03.017,109672.50963999434
2025-08-29 10:02:44.710,109833.99427650348
2025-08-29 11:02:08.708,110038.85542257076
2025-08-29 12:00:26.385,110063.0908605544
2025-08-29 13:02:48.834,110692.1003713299
2025-08-29 14:00:35.093,109303.46797708416
2025-08-29 15:01:45.382,108197.66095291973
2025-08-29 16:01:50.634,108417.70949438454
2025-08-29 17:02:12.775,108664.15066466853
2025-08-29 18:02:46.331,108532.50275425
2025-08-29 19:02:28.319,108103.23157683069
2025-08-29 20:02:35.710,108355.62145451456
2025-08-29 21:02:19.480,107696.08632642716
2025-08-29 22:02:28.528,108446.3745473655
2025-08-29 23:02:29.328,108268.4161096884
2025-08-30 00:02:01.833,108335.63315175903
2025-08-30 01:02:27.033,108246.54166839329
2025-08-30 02:02:29.563,107689.75218525807
2025-08-30 03:02:34.887,107794.37105723779
2025-08-30 04:02:20.481,108442.92966971411
2025-08-30 05:02:24.360,108443.38056994171
2025-08-30 06:02:36.883,108345.4375230552
2025-08-30 07:01:05.380,108283.01212750797
2025-08-30 08:02:23.680,108491.06437226555
2025-08-30 09:02:16.391,108574.51261194066
2025-08-30 10:02:55.412,108584.54577285751
2025-08-30 11:02:58.802,108407.80021252781
2025-08-30 12:01:32.535,108690.68452327688
2025-08-30 13:02:01.832,108604.49554206168
2025-08-30 14:02:26.521,108489.97606722396
2025-08-30 15:02:34.465,108696.33053225471
2025-08-30 16:05:52.490,108828.81267275482
2025-08-30 17:06:16.442,108853.56250612278
2025-08-30 18:02:25.139,108784.69009733132
2025-08-30 19:02:11.544,108831.02435122912
2025-08-30 20:02:15.205,108824.11532343693
2025-08-30 21:02:30.339,108634.16964133283
2025-08-30 22:02:17.632,108582.27751660284
2025-08-30 23:02:29.444,108541.98755698749
2025-08-31 00:01:31.633,108781.95727925687
2025-08-31 01:02:00.896,109321.61315448761
2025-08-31 02:01:57.846,109453.20512620649
2025-08-31 03:00:42.817,109204.05685309111
2025-08-31 04:02:43.963,109176.75567483262
2025-08-31 05:01:41.261,108801.68875379856
2025-08-31 06:02:43.952,108726.08748773241
2025-08-31 07:00:59.485,108714.57164084422
2025-08-31 08:02:44.758,108706.45025808786
2025-08-31 09:02:36.863,109005.61709478054
2025-08-31 10:01:49.930,108509.82249097874
2025-08-31 11:02:06.758,108569.40786727174
2025-08-31 12:03:42.688,108381.3200095023
2025-08-31 13:00:48.031,108323.515018761
2025-08-31 14:02:18.122,108350.98314626004
2025-08-31 15:01:41.914,108462.07683097602
2025-08-31 16:02:21.408,108786.16404496257
2025-08-31 17:00:37.043,108949.12666027468
2025-08-31 18:01:11.785,108979.48633378587
2025-08-31 19:01:52.435,109131.67937094519
2025-08-31 20:00:32.327,108922.73073924262
2025-08-31 21:02:37.565,109066.36655120115
2025-08-31 22:01:38.716,109026.24716432432
2025-08-31 23:02:10.273,108867.78018188462
2025-09-01 00:01:24.782,108253.36092385623
2025-09-01 01:00:12.717,108320.52812654947
2025-09-01 02:02:30.453,108163.58489380409
2025-09-01 03:02:20.902,107556.16168412984
2025-09-01 04:02:26.682,107633.57490420509
2025-09-01 05:02:44.431,107414.44225002972
2025-09-01 06:02:01.276,107871.05404069647
2025-09-01 07:02:49.849,108078.81452214558
2025-09-01 08:02:19.232,109681.77674236635
2025-09-01 09:00:30.775,109587.934559032
2025-09-01 10:02:13.227,109486.05714102903
2025-09-01 11:02:39.678,108458.76073645355
2025-09-01 12:03:15.291,108805.92705885452
2025-09-01 13:02:21.473,109093.75981654036
2025-09-01 14:00:34.233,109035.84305435362
2025-09-01 15:02:49.312,109120.00176174857
2025-09-01 16:02:21.157,108765.47559602367
2025-09-01 17:02:52.894,108785.43945433143
2025-09-01 18:02:08.376,108975.28057912663
2025-09-01 19:02:03.872,109207.51781442288
2025-09-01 20:02:57.594,109204.42725358241
2025-09-01 21:02:29.368,108788.1369067164
2025-09-01 22:02:49.981,107541.65849979663
2025-09-01 23:02:16.249,108482.11328514619
2025-09-02 00:01:41.321,109229.01454657852
2025-09-02 01:02:48.255,108952.08689715006
2025-09-02 02:00:35.785,109347.43818283039
2025-09-02 03:02:17.258,110126.0261441361
2025-09-02 04:01:46.325,110323.3499221054
2025-09-02 05:00:56.804,110282.97208189468
2025-09-02 06:01:47.793,110199.68647261267
2025-09-02 07:02:46.343,110380.87922012652
2025-09-02 08:02:20.751,110240.90474210342
2025-09-02 09:02:42.812,110501.87939511362
2025-09-02 10:02:34.167,110323.5694182885
2025-09-02 11:02:50.170,110224.18772803468
2025-09-02 12:03:14.011,109726.00873584817
2025-09-02 13:01:48.742,108798.9523326062
2025-09-02 14:02:41.038,111179.85922212347
2025-09-02 15:03:03.871,111219.97499967607
2025-09-02 16:02:53.325,110752.34200139604
2025-09-02 17:02:37.694,110685.14905874166
2025-09-02 18:02:36.531,110911.5875191018
2025-09-02 19:00:18.522,110770.90169530436
2025-09-02 20:02:29.676,110752.30345394339
2025-09-02 21:02:41.867,111395.0416549949
2025-09-02 22:02:51.730,111229.74542463121
2025-09-02 23:03:10.238,111215.73957482145
2025-09-03 00:02:05.883,111190.18209845416
2025-09-03 01:02:36.310,111293.33020706818
2025-09-03 02:06:24.653,111258.43974877219
2025-09-03 03:02:54.300,111449.58776719635
2025-09-03 04:02:18.432,111073.76440450834
2025-09-03 05:02:04.872,111022.13108320645
2025-09-03 06:02:24.677,110690.27811220792
2025-09-03 07:00:50.402,110715.8475663248
2025-09-03 08:03:05.322,111063.31054657558
2025-09-03 09:02:23.543,111048.52630450387
2025-09-03 10:01:38.723,111220.79113440216
2025-09-03 11:01:34.069,111429.0149929462
2025-09-03 12:01:51.446,111471.8919740125
2025-09-03 13:01:07.943,111114.70760674683
2025-09-03 14:02:08.206,111613.00928344786
2025-09-03 15:02:18.752,112237.33178864852
2025-09-03 16:02:35.957,112291.2372439524
2025-09-03 17:01:45.809,111862.09489873982
2025-09-03 18:02:13.257,112380.36963798928
2025-09-03 19:02:42.883,111946.43532850184
2025-09-03 20:01:42.289,112156.22411756216
2025-09-03 21:01:43.614,112230.16036562622
2025-09-03 22:02:36.107,111983.70838738313
2025-09-03 23:00:51.790,111953.69701327455
2025-09-04 00:02:12.999,111751.64761020488
2025-09-04 01:02:30.937,112072.79984901128
2025-09-04 02:02:39.714,111853.88232508626
2025-09-04 03:06:01.356,111492.64500777487
2025-09-04 04:02:06.641,111177.66463784108
2025-09-04 05:02:17.772,111127.46726016133
2025-09-04 06:01:39.515,110686.91790192894
2025-09-04 07:01:57.946,110409.54924363771
2025-09-04 08:01:17.204,110505.55001973202
2025-09-04 09:01:50.684,110705.26361377492
2025-09-04 10:00:46.715,110805.39711272641
2025-09-04 11:02:07.548,110646.5304182009
2025-09-04 12:02:26.330,110846.35249628387
2025-09-04 13:02:04.928,110785.36909714933
2025-09-04 14:02:50.366,110448.69917910869
2025-09-04 15:02:40.710,109969.81043799862
2025-09-04 16:02:19.147,109624.55017607489
2025-09-04 17:02:06.619,109497.72346906656
2025-09-04 18:01:55.923,109803.09786995356
2025-09-04 19:02:32.833,110023.3144941601
2025-09-04 20:02:18.203,109873.8930916779
2025-09-04 21:02:37.381,110403.23903480718
2025-09-04 22:02:18.060,110542.44225608995
2025-09-04 23:01:18.591,111490.51479289168
2025-09-05 00:02:23.793,110752.04142516552
2025-09-05 01:02:10.018,110546.35219584999
2025-09-05 02:02:10.682,111123.18893239835
2025-09-05 03:01:08.501,111365.16616946645
2025-09-05 04:01:49.929,111320.95589222391
2025-09-05 05:02:29.608,111443.83629951079
2025-09-05 06:02:29.751,111562.752756278
2025-09-05 07:01:50.932,111900.94104148331
2025-09-05 08:01:21.653,112964.68755449636
2025-09-05 09:02:08.103,112620.51184991721
2025-09-05 10:02:46.344,112258.88398574904
2025-09-05 11:01:05.918,112259.72880567885
2025-09-05 12:01:53.266,112361.22450543038
2025-09-05 13:01:41.629,113225.00021261438
2025-09-05 14:00:35.860,113034.03215529391
2025-09-05 15:02:24.774,110514.16200241748
2025-09-05 16:02:31.198,110663.4511588435
2025-09-05 17:01:41.538,110781.59184322049
2025-09-05 18:02:09.092,110611.41463627842
2025-09-05 19:00:22.497,111192.72160309477
2025-09-05 20:02:13.483,111445.2502071209
2025-09-05 21:01:36.455,111619.38620235208
2025-09-05 22:01:14.446,110624.30953942804
2025-09-05 23:01:46.139,110813.80860700153
2025-09-06 00:01:45.984,110656.308978032
2025-09-06 01:01:46.826,110782.9680650024
2025-09-06 02:00:34.752,110873.87504986444
2025-09-06 03:00:04.301,111103.49983851465
2025-09-06 04:01:28.975,111070.9293275909
2025-09-06 05:02:29.789,110856.40824808505
2025-09-06 06:02:30.726,110725.91196503112
2025-09-06 07:01:32.833,110772.86794074306
2025-09-06 08:00:18.841,110817.2532145556
2025-09-06 09:01:42.910,110948.47286442367
2025-09-06 10:06:12.321,110697.41836548288
2025-09-06 11:02:05.458,110766.63559733458
2025-09-06 12:05:43.984,110770.07248515126
2025-09-06 13:01:36.883,110833.08962160254
2025-09-06 14:02:41.596,110944.93163333445
2025-09-06 15:02:18.567,110832.31716394494
2025-09-06 16:02:46.462,110417.35028698956
2025-09-06 17:02:43.915,110256.24911657201
2025-09-06 18:03:04.384,110175.86574226645
2025-09-06 19:02:31.580,110265.97583337485
2025-09-06 20:02:44.905,110054.77331373848
2025-09-06 21:02:55.860,110174.33371417443
2025-09-06 22:02:14.384,110235.30370196157
2025-09-06 23:02:07.526,110175.25026599839
2025-09-07 00:02:17.296,110223.83395870344
2025-09-07 01:01:58.687,110367.90950933227
2025-09-07 02:02:12.075,110581.74308347162
2025-09-07 03:02:27.533,110666.85100536971
2025-09-07 04:02:46.700,110619.14326203972
2025-09-07 05:02:15.879,110563.51042806412
2025-09-07 06:01:39.926,110660.43142974885
2025-09-07 07:06:26.947,110523.24469913781
2025-09-07 08:00:25.454,110724.89293566853
2025-09-07 09:02:27.833,111081.23400933287
2025-09-07 10:01:47.596,111120.66444717823
2025-09-07 11:02:40.755,111233.74012205859
2025-09-07 12:02:11.486,111280.13329637531
2025-09-07 13:02:14.457,111116.19537609039
2025-09-07 14:00:44.693,111202.50300098678
2025-09-07 15:02:54.926,111118.80281737895
2025-09-07 16:02:44.718,111347.47926907448
2025-09-07 17:02:06.397,111201.3073627705
2025-09-07 18:00:47.830,110968.97113583378
2025-09-07 19:01:36.735,111057.5596575689
2025-09-07 20:02:33.704,111232.34796307397
2025-09-07 21:02:11.218,111325.77408290895
2025-09-07 22:05:31.023,111096.43172052184
2025-09-07 23:02:14.758,111271.50729228156
2025-09-08 00:02:07.086,111133.09269636446
2025-09-08 01:01:38.575,110836.31395611238
2025-09-08 02:02:40.459,110858.36729079825
2025-09-08 03:02:16.472,111245.9380531357
2025-09-08 04:00:00.000,111045.79020891474
2025-09-08 05:02:07.561,110952.3755840546
2025-09-08 06:01:40.640,111020.74120294617
2025-09-08 07:02:31.739,111150.0833279388
2025-09-08 08:03:11.771,111249.96720226432
2025-09-08 09:02:09.078,111630.32037940944
2025-09-08 10:01:05.734,112045.71769353836
2025-09-08 11:01:59.697,112019.40012143513
2025-09-08 12:02:32.891,112071.36935811849
2025-09-08 13:01:22.509,112024.44759077854
2025-09-08 14:02:36.256,111996.26686941311
2025-09-08 15:02:18.876,112489.14407785248
2025-09-08 16:04:02.848,112601.63757963854
2025-09-08 17:02:50.366,112434.7369592822
2025-09-08 18:01:44.037,112206.36301124805
2025-09-08 19:02:46.056,112456.23416521978
2025-09-08 20:02:28.143,112067.347001549
2025-09-08 21:02:48.021,112025.1685727209
2025-09-08 22:02:49.617,112273.04214360457
2025-09-08 23:02:34.306,112223.03656606357
2025-09-09 00:00:42.077,112025.12878118771
2025-09-09 01:02:25.940,111652.0713866927
2025-09-09 02:00:32.178,111407.09074159958
2025-09-09 03:02:49.021,111287.14885295804
2025-09-09 04:02:39.597,111702.97471470888
2025-09-09 05:02:26.616,112028.60805847727
2025-09-09 06:01:56.217,112140.77309366502
2025-09-09 07:02:58.293,113112.94201935548
2025-09-09 08:02:03.129,113070.31854691613
2025-09-09 09:03:15.191,112951.8697006361
2025-09-09 10:02:53.726,112921.314592305
2025-09-09 11:06:41.451,112717.27875782315
2025-09-09 12:00:40.406,112500.52744001287
2025-09-09 13:01:58.540,112676.69684972118
2025-09-09 14:01:28.094,112774.8919592429
2025-09-09 15:02:25.704,111729.81552424721
2025-09-09 16:02:18.185,110870.22649131795
2025-09-09 17:02:20.509,110976.01267464506
2025-09-09 18:01:50.813,111031.54556997617
2025-09-09 19:06:24.550,111145.96752255705
2025-09-09 20:01:51.690,111319.25301235504
2025-09-09 21:02:28.074,111359.19585339191
2025-09-09 22:01:36.633,111301.75137263995
2025-09-09 23:02:13.353,111518.10122362581
2025-09-10 00:01:58.797,111521.54423183508
2025-09-10 01:02:21.837,111062.11173220031
2025-09-10 02:01:45.193,111023.09957073671
2025-09-10 03:00:35.162,111397.55074284918
2025-09-10 04:02:20.585,111525.92713938442
2025-09-10 05:01:39.509,111521.6910568116
2025-09-10 06:01:44.524,111567.4027745938
2025-09-10 07:00:00.000,111845.15109003942
2025-09-10 08:02:39.241,112528.44834154386
2025-09-10 09:02:37.039,112363.70010957935
2025-09-10 10:04:31.275,112249.77986728513
2025-09-10 11:01:35.220,112321.22186740591
2025-09-10 12:02:35.564,112255.32408911726
2025-09-10 13:01:50.368,113426.4487582137
2025-09-10 14:03:27.515,113934.39669773277
2025-09-10 15:02:56.153,113891.18838609783
2025-09-10 16:02:47.240,113903.95331929345
2025-09-10 17:02:45.040,113672.21437753727
2025-09-10 18:02:41.235,113734.63302411242
2025-09-10 19:02:33.877,113592.01651974638
2025-09-10 20:02:38.220,113402.84560367846
2025-09-10 21:02:43.267,113625.82028845928
2025-09-10 22:02:37.931,113885.30512691998
2025-09-10 23:02:16.643,113935.59752053465
2025-09-11 00:02:24.417,114000.12092296442
2025-09-11 01:02:22.679,113898.88515467383
2025-09-11 02:01:57.331,113925.24673335499
2025-09-11 03:01:16.610,113851.68539357337
2025-09-11 04:01:45.613,114419.6275852975
2025-09-11 05:01:42.786,114167.93383345696
2025-09-11 06:01:38.161,114273.22997057601
2025-09-11 07:02:56.015,114409.3605035541
2025-09-11 08:02:31.948,114077.07046607311
2025-09-11 09:02:30.436,114055.54421450144
2025-09-11 10:00:58.161,113916.23703791054
2025-09-11 11:02:33.513,114074.88061462918
2025-09-11 12:00:44.973,114016.78333491352
2025-09-11 13:00:11.356,114045.24306152646
2025-09-11 14:02:47.248,114181.76302947623
2025-09-11 15:02:16.287,114499.29484245343
2025-09-11 16:02:38.478,114136.79634924185
2025-09-11 17:00:16.404,114499.52326893095
2025-09-11 18:02:17.055,114546.6290692586
2025-09-11 19:01:46.198,114309.82612735903
2025-09-11 20:02:34.225,114435.8890920037
2025-09-11 21:02:41.482,114402.34864966485
2025-09-11 22:02:36.526,114531.97774766892
2025-09-11 23:02:35.315,115251.54504573994
2025-09-12 00:02:11.931,115503.16663193036
2025-09-12 01:00:47.600,116083.02684089626
2025-09-12 02:02:39.108,115541.43745371678
2025-09-12 03:02:20.659,115321.70299565145
2025-09-12 04:02:23.377,115198.04689576305
2025-09-12 05:02:00.681,115430.88537282546
2025-09-12 06:02:47.846,115656.41297780728
2025-09-12 07:03:05.554,115339.65347651657
2025-09-12 08:02:37.781,115143.92060273138
2025-09-12 09:02:44.701,115090.51727175506
2025-09-12 10:02:30.254,114977.79702489631
2025-09-12 11:02:25.697,114970.87662702953
2025-09-12 12:01:16.911,114944.79334030187
2025-09-12 13:02:51.250,115175.7456241166
2025-09-12 14:02:39.203,115182.63512744215
2025-09-12 15:01:11.665,115285.82631433172
2025-09-12 16:01:27.205,115142.91591236314
2025-09-12 17:02:23.182,115501.53307003953
2025-09-12 18:02:48.958,115870.54337234636
2025-09-12 19:02:23.134,116488.13043144876
2025-09-12 20:03:27.777,116704.71486571954
2025-09-12 21:01:43.796,116206.13807664244
2025-09-12 22:00:21.908,115951.31496911978
2025-09-12 23:02:39.610,116094.98634284323
2025-09-13 00:02:30.890,116160.14344594491
2025-09-13 01:02:40.260,116299.90574103985
2025-09-13 02:02:30.447,115817.78761225037
2025-09-13 03:01:48.947,115929.71072468456
2025-09-13 04:02:59.076,115987.13156450838
2025-09-13 05:02:06.190,115761.02619141128
2025-09-13 06:02:31.028,115744.35387449336
2025-09-13 07:03:11.576,115790.53202643781
2025-09-13 08:01:56.989,115828.38046332698
2025-09-13 09:02:35.122,116027.12405597334
2025-09-13 10:02:14.685,116073.3506135664
2025-09-13 11:02:43.344,116017.51962998649
2025-09-13 12:02:12.834,116020.66710769299
2025-09-13 13:01:37.877,116060.83417133584
2025-09-13 14:02:14.948,115768.32118748053
2025-09-13 15:01:42.113,115842.8482057885
2025-09-13 16:02:52.275,115784.10669515507
2025-09-13 17:02:46.879,115342.81410658239
2025-09-13 18:02:54.699,115567.65641109124
2025-09-13 19:02:05.801,115688.73490201971
2025-09-13 20:01:54.246,115837.62867738264
2025-09-13 21:02:37.176,115975.60665830794
2025-09-13 22:03:07.780,115902.80087265448
2025-09-13 23:02:14.659,115914.67697398618
2025-09-14 00:01:52.178,115974.8873939637
2025-09-14 01:03:41.245,115972.63064708588
2025-09-14 02:02:45.664,116020.94225644319
2025-09-14 03:00:01.850,115908.55482647114
2025-09-14 04:02:34.025,115771.51295218767
2025-09-14 05:01:42.725,115806.95820776705
2025-09-14 06:02:23.630,115931.29222477932
2025-09-14 07:02:27.439,115782.5467124972
2025-09-14 08:02:56.063,115800.96862956286
2025-09-14 09:02:53.749,115974.03122043426
2025-09-14 10:02:48.483,116143.86978301249
2025-09-14 11:02:41.958,116069.58488194742
2025-09-14 12:02:43.745,115882.85033622767
2025-09-14 13:02:44.371,115816.94199120873
2025-09-14 14:03:03.108,115335.02449154813
2025-09-14 15:03:02.402,115424.06207419037
2025-09-14 16:01:41.826,115264.81046966574
2025-09-14 17:06:25.299,115525.17752438669
2025-09-14 18:01:42.783,115618.63633362162
2025-09-14 19:02:37.860,115440.71361146877
2025-09-14 20:02:21.702,115673.89884462305
2025-09-14 21:01:05.532,115854.91350751821
2025-09-14 22:02:42.564,115965.65715814185
2025-09-14 23:02:29.909,116031.2706523723
2025-09-15 00:02:16.596,115278.55251586219
2025-09-15 01:01:04.862,115079.57387944871
2025-09-15 02:00:40.747,115221.82820884661
2025-09-15 03:02:45.175,115416.66833998004
2025-09-15 04:01:18.993,115501.3042235996
2025-09-15 05:03:09.463,116039.88908636587
2025-09-15 06:02:04.567,116552.24107354402
2025-09-15 07:02:40.860,116168.09610340101
2025-09-15 08:02:38.802,115792.1934414128
2025-09-15 09:03:10.656,114850.5440850557
2025-09-15 10:02:53.047,114911.21426941568
2025-09-15 11:00:28.962,114801.40925717361
2025-09-15 12:03:39.535,115033.54381311937
2025-09-15 13:01:24.790,114744.92311789298
2025-09-15 14:02:50.157,114843.50523291624
2025-09-15 15:02:39.051,114840.07931502667
2025-09-15 16:03:04.032,114798.22619184008
2025-09-15 17:00:35.789,114696.00606119882
2025-09-15 18:02:46.067,114913.60325521955
2025-09-15 19:01:40.991,115354.79218701142
2025-09-15 20:01:57.993,115314.09587210546
2025-09-15 21:02:47.117,115315.75715379852
2025-09-15 22:02:24.842,115507.66358734564
2025-09-15 23:02:15.705,115299.78030175949
2025-09-16 00:02:12.908,115356.68489564986
2025-09-16 01:01:09.225,115085.03010859179
2025-09-16 02:02:30.553,115069.45354548478
2025-09-16 03:02:38.044,115082.07756660205
2025-09-16 04:02:46.174,115398.77427960283
2025-09-16 05:02:40.101,115487.13956192977
2025-09-16 06:02:33.105,115983.38149554328
2025-09-16 07:00:02.950,115753.79463886896
2025-09-16 08:02:30.463,115909.95804182389
2025-09-16 09:02:13.582,115685.4644022894
2025-09-16 10:02:30.142,115485.19680005405
2025-09-16 11:06:31.061,115397.94847350479
2025-09-16 12:02:51.237,115345.7791919205
2025-09-16 13:02:51.518,115432.89206598123
2025-09-16 14:02:15.297,115019.09578002297
2025-09-16 15:02:43.751,115260.95453487385
2025-09-16 16:01:31.236,115918.68063027997
2025-09-16 17:02:20.382,116158.42752272532
2025-09-16 18:00:28.989,116536.31650559162
2025-09-16 19:00:50.088,116454.5775062696
2025-09-16 20:02:41.347,116804.43867134045
2025-09-16 21:02:05.078,116882.78170087388
2025-09-16 22:02:26.235,116776.27134667119
2025-09-16 23:00:15.778,116872.96755173472
2025-09-17 00:02:23.026,116797.00205991932
2025-09-17 01:02:47.493,116629.3763135545
2025-09-17 02:00:32.647,116688.52098718812
2025-09-17 03:01:42.025,116732.50964139415
2025-09-17 04:02:32.112,116423.14743464273
2025-09-17 05:01:59.779,116319.91427503152
2025-09-17 06:02:04.771,117162.75477621086
2025-09-17 07:01:05.825,117256.58549060355
2025-09-17 08:01:49.896,117225.48665434263
2025-09-17 09:01:31.391,116877.6478033946
2025-09-17 10:02:37.489,116606.4783652071
2025-09-17 11:00:57.252,116382.44528065142
2025-09-17 12:02:27.236,116279.78693685924
2025-09-17 13:01:35.627,116198.55483548675
2025-09-17 14:03:05.739,116193.74724346046
2025-09-17 15:02:04.553,115634.27808614414
2025-09-17 16:00:42.024,115894.70808566172
2025-09-17 17:02:28.167,115717.01610782724
2025-09-17 18:02:26.116,116031.58519047528
2025-09-17 19:01:57.494,115194.3078037463
2025-09-17 20:02:04.857,115721.45993062394
2025-09-17 21:01:44.192,115649.82358310322
2025-09-17 22:06:51.613,116214.03190192967
2025-09-17 23:02:51.417,116863.39240749434
2025-09-18 00:02:52.110,116455.94648225319
2025-09-18 01:02:16.203,116381.22893627378
2025-09-18 02:02:55.470,116761.69147901927
2025-09-18 03:06:39.301,116969.14904686039
2025-09-18 04:02:37.207,117742.98005985272
2025-09-18 05:07:26.529,117494.17334517208
2025-09-18 06:02:57.922,117217.1473590896
2025-09-18 07:02:52.154,117081.79397034168
2025-09-18 08:02:44.184,117100.80353259912
2025-09-18 09:01:59.701,117246.48259706644
2025-09-18 10:03:21.595,117330.37185111486
2025-09-18 11:01:45.328,117233.96564668287
2025-09-18 12:02:20.779,117085.66810721309
2025-09-18 13:02:52.774,117189.92910452069
2025-09-18 14:02:30.993,117553.27644964374
2025-09-18 15:03:13.983,117735.87157682037
2025-09-18 16:00:55.855,117676.42476236634
2025-09-18 17:03:25.443,117644.58180662621
2025-09-18 18:02:57.160,117607.20998415927
2025-09-18 19:02:11.262,117851.18539205311
2025-09-18 20:06:52.546,117479.65470626247
2025-09-18 21:04:00.959,117575.95305738947
2025-09-18 22:02:55.116,117412.08260355875
2025-09-18 23:02:21.122,116948.58586157573
2025-09-19 00:03:04.296,117169.11793707692
2025-09-19 01:00:45.212,117447.66044572467
2025-09-19 02:02:21.132,117246.22326321788
2025-09-19 03:02:33.933,117162.55935837168
2025-09-19 04:03:05.632,117001.29549547189
2025-09-19 05:02:53.292,117050.60169942482
2025-09-19 06:02:48.108,116946.2084937178
2025-09-19 07:05:08.542,116802.45187760674
2025-09-19 08:02:19.833,116957.2847663997
2025-09-19 09:01:38.193,116960.44627596506
2025-09-19 10:02:50.251,116544.94863856838
2025-09-19 11:02:43.394,116542.94541523207
2025-09-19 12:01:54.573,116402.8979614958
2025-09-19 13:00:33.832,116207.71982668396
2025-09-19 14:01:45.392,116310.94427105524
2025-09-19 15:03:01.520,115976.84364829991
2025-09-19 16:01:49.901,115870.78418814257
2025-09-19 17:01:32.684,116110.71295886741
2025-09-19 18:02:43.017,115618.46059190473
2025-09-19 19:06:24.261,115485.9886898518
2025-09-19 20:01:53.270,115157.37841901269
2025-09-19 21:02:04.164,115436.27066281217
2025-09-19 22:03:54.909,115533.46699826297
2025-09-19 23:02:27.154,115650.54025838921
2025-09-20 00:02:21.198,115656.94582205842
2025-09-20 01:01:53.063,115757.64492701381
2025-09-20 02:02:28.638,115630.52604677362
2025-09-20 03:03:02.079,115627.52206692945
2025-09-20 04:01:47.385,115489.18449916203
2025-09-20 05:02:51.913,115610.90584090051
2025-09-20 06:00:20.112,115751.71706797219
2025-09-20 07:02:13.335,115754.27171996003
2025-09-20 08:03:20.958,115984.62721431848
2025-09-20 09:02:57.166,115804.7284527069
2025-09-20 10:02:59.120,115720.80222969536
2025-09-20 11:01:59.066,115784.63989667728
2025-09-20 12:03:07.270,115934.99104542725
2025-09-20 13:02:41.557,115892.24112764648
2025-09-20 14:02:38.183,115947.9834398576
2025-09-20 15:02:28.639,116073.06945623364
2025-09-20 16:03:11.820,116010.74374658203
2025-09-20 17:02:36.385,116083.2407924125
2025-09-20 18:03:16.072,115874.83956471676
2025-09-20 19:01:59.485,115751.86951846803
2025-09-20 20:00:37.979,115743.81493180516
2025-09-20 21:01:39.609,115760.45764529692
2025-09-20 22:00:00.264,115851.04761614517
2025-09-20 23:02:21.849,115818.25379015566
2025-09-21 00:02:02.867,115722.89635080755
2025-09-21 01:02:48.513,115716.53763560657
2025-09-21 02:02:36.939,115543.31187493537
2025-09-21 03:00:34.259,115718.78065124822
2025-09-21 04:02:32.597,115702.14940465351
2025-09-21 05:02:03.418,115538.73145938573
2025-09-21 06:01:56.413,115723.02069173029
2025-09-21 07:02:02.445,115743.97233519975
2025-09-21 08:02:54.162,115849.67417839603
2025-09-21 09:02:43.551,115679.9613005898
2025-09-21 10:02:30.861,115672.03308242503
2025-09-21 11:02:06.508,115562.29113142668
2025-09-21 12:01:46.390,115675.79409212345
2025-09-21 13:02:16.831,115719.0416731149
2025-09-21 14:02:35.051,115701.1935700915
2025-09-21 15:02:26.112,115543.42615516653
2025-09-21 16:02:35.804,115577.97411519449
2025-09-21 17:02:21.471,115382.61583928157
2025-09-21 18:03:08.051,115641.62000950893
2025-09-21 19:02:45.765,115561.91439782949
2025-09-21 20:02:55.683,115529.5348055079
2025-09-21 21:02:16.166,115369.30506735465
2025-09-21 22:04:47.394,115496.4027503412
2025-09-21 23:01:58.395,115584.69105357188
2025-09-22 00:02:50.618,115255.84820116173
2025-09-22 01:02:41.945,114429.54127386621
2025-09-22 02:02:02.246,114334.5068326891
2025-09-22 03:02:03.479,114268.990546202
2025-09-22 04:02:15.230,114693.64173814096
2025-09-22 05:06:40.185,114423.81363544632
2025-09-22 06:02:22.652,113596.45358888479
2025-09-22 07:02:58.935,112815.02861288023
2025-09-22 08:02:55.150,112593.11021618362
2025-09-22 09:00:38.343,112702.3985905766
2025-09-22 10:02:51.867,112420.02276001745
2025-09-22 11:05:56.403,112861.02656274178
2025-09-22 12:03:05.897,112879.16460537122
2025-09-22 13:02:27.943,112764.57195222315
2025-09-22 14:02:55.205,112921.63271984232
2025-09-22 15:02:33.319,113030.16943960388
2025-09-22 16:03:03.570,112884.4725814408
2025-09-22 17:02:33.190,112683.95356400768
2025-09-22 18:03:15.218,112427.42005859553
2025-09-22 19:03:05.852,112495.67622151937
2025-09-22 20:02:48.761,112176.15576810564
2025-09-22 21:03:12.190,112694.31154745216
2025-09-22 22:02:31.786,112958.87401918201
2025-09-22 23:02:41.272,112696.45087669161
2025-09-23 00:01:56.947,112692.49699542265
2025-09-23 01:03:01.074,112462.90478199099
2025-09-23 02:02:42.583,112289.94710588173
2025-09-23 03:03:06.034,111933.14484123376
2025-09-23 04:01:22.559,112382.88583906197
2025-09-23 05:02:24.901,112546.31919022283
2025-09-23 06:02:11.140,112744.13187768195
2025-09-23 07:00:26.792,113055.05770519462
2025-09-23 08:02:58.851,113095.48038269361
2025-09-23 09:03:05.271,113153.92698775811
2025-09-23 10:02:36.953,112986.38443176316
2025-09-23 11:02:08.525,112987.67386940816
2025-09-23 12:03:16.492,113006.44245861792
2025-09-23 13:01:48.516,112970.58836557103
2025-09-23 14:02:05.411,112989.31137549963
2025-09-23 15:02:44.050,112754.66357573232
2025-09-23 16:01:38.790,112925.49388332541
2025-09-23 17:01:39.963,112856.10338562846
2025-09-23 18:02:00.545,111970.72472614372
2025-09-23 19:01:18.568,111800.07482151568
2025-09-23 20:00:56.774,111658.22948842609
2025-09-23 21:02:41.713,111866.49629210096
2025-09-23 22:02:02.646,112154.59826793546
2025-09-23 23:02:14.591,112176.36741538407
2025-09-24 00:01:53.900,112002.46136592985
2025-09-24 01:02:05.972,112234.63461047327
2025-09-24 02:03:28.066,112463.17528817552
2025-09-24 03:02:33.952,112069.18384449702
2025-09-24 04:01:31.120,111715.17494390001
2025-09-24 05:02:10.368,112179.82007911289
2025-09-24 06:02:24.791,112666.45117523389
2025-09-24 07:02:20.643,112620.56465422397
2025-09-24 08:00:44.381,112581.1705426075
2025-09-24 09:02:43.466,112561.71502147091
2025-09-24 10:02:50.863,112767.6193380006
2025-09-24 11:03:10.605,112959.43275204314
2025-09-24 12:02:37.303,113034.30397858057
2025-09-24 13:01:50.286,113082.00470845688
2025-09-24 14:02:41.575,112951.35153547088
2025-09-24 15:02:14.374,113874.18696407137
2025-09-24 16:02:45.387,113421.15692141138
2025-09-24 17:02:16.486,113706.62235194765
2025-09-24 18:02:52.644,113833.03807608844
2025-09-24 19:03:11.556,113661.46040876168
2025-09-24 20:02:28.721,113488.98237747196
2025-09-24 21:02:27.838,113517.57669269216
2025-09-24 22:02:27.549,113451.99942600224
2025-09-24 23:01:43.079,113360.01913291797
2025-09-25 00:02:18.953,113317.1626894919
2025-09-25 01:02:54.157,113158.64529825837
2025-09-25 02:02:20.570,112531.95864441592
2025-09-25 03:02:27.344,112874.55770962182
2025-09-25 04:01:41.804,112543.14083268348
2025-09-25 05:01:36.464,111724.72892519266
2025-09-25 06:02:08.740,111736.83795081165
2025-09-25 07:06:55.571,111543.58381093993
2025-09-25 08:02:15.348,111789.6494406922
2025-09-25 09:02:06.120,111738.49284770197
2025-09-25 10:02:37.792,111670.77521521045
2025-09-25 11:02:37.593,111675.26780951743
2025-09-25 12:02:22.491,111363.57708856076
2025-09-25 13:01:44.909,111176.52954647054
2025-09-25 14:02:33.865,111068.41802779266
2025-09-25 15:02:12.370,111553.17037703996
2025-09-25 16:02:10.267,111616.10223522937
2025-09-25 17:00:30.680,110996.72206213279
2025-09-25 18:02:04.130,109003.34295214499
2025-09-25 19:02:42.770,109841.62628122164
2025-09-25 20:01:55.637,109479.26783003664
2025-09-25 21:02:48.689,109170.43054051315
2025-09-25 22:01:23.759,109442.85541057201
2025-09-25 23:00:05.874,109339.13076690925
2025-09-26 00:02:51.233,108963.53013595635
2025-09-26 01:02:40.686,109525.72517930144
2025-09-26 02:02:29.333,109692.22009852328
2025-09-26 03:02:20.182,109666.68207390101
2025-09-26 04:03:49.709,109611.07066757012
2025-09-26 05:02:05.774,109398.5140888838
2025-09-26 06:02:49.805,109322.54678336979
2025-09-26 07:02:15.581,109449.95458261041
2025-09-26 08:01:57.984,109383.81245480188
2025-09-26 09:00:47.240,109615.16963283665
2025-09-26 10:02:36.584,109599.22242380022
2025-09-26 11:02:31.434,108979.8600485931
2025-09-26 12:02:36.129,109149.97063726392
2025-09-26 13:02:20.669,109332.92292924419
2025-09-26 14:02:28.813,109724.35515365671
2025-09-26 15:03:05.212,108970.78724002819
2025-09-26 16:01:47.541,109098.93823537027
2025-09-26 17:02:32.927,109509.26733908382
2025-09-26 18:02:53.030,109855.69777420572
2025-09-26 19:02:21.329,109773.33616898666
2025-09-26 20:02:37.193,109258.92293994574
2025-09-26 21:02:21.154,109302.71576792157
2025-09-26 22:02:52.296,109475.27268853989
2025-09-26 23:00:46.369,109611.1798647101
2025-09-27 00:02:35.947,109710.20874667744
2025-09-27 01:01:02.155,109670.9711899422
2025-09-27 02:01:03.437,109468.93225169746
2025-09-27 03:01:38.642,109445.90730953793
2025-09-27 04:02:54.416,109609.75779282032
2025-09-27 05:03:07.235,109701.63953102907
2025-09-27 06:01:44.110,109681.99331101133
2025-09-27 07:03:18.208,109600.45255118015
2025-09-27 08:03:09.704,109450.036932864
2025-09-27 09:03:14.406,109352.39355701752
2025-09-27 10:02:42.696,109329.99376052197
2025-09-27 11:01:32.091,109476.54927693262
2025-09-27 12:02:29.823,109342.64744553846
2025-09-27 13:06:55.956,109419.70988071398
2025-09-27 14:02:05.871,109350.69171430042
2025-09-27 15:02:53.013,109303.9057184713
2025-09-27 16:00:33.243,109433.85846854272
2025-09-27 17:02:35.024,109385.55928560787
2025-09-27 18:01:50.363,109413.47318967037
2025-09-27 19:01:51.234,109457.15758853668
2025-09-27 20:02:49.377,109455.4167696552
2025-09-27 21:02:43.710,109417.49785912114
2025-09-27 22:03:10.814,109523.75143723261
2025-09-27 23:02:23.719,109617.54727774093
2025-09-28 00:02:26.332,109675.14319507511
2025-09-28 01:02:56.820,109677.49984613317
2025-09-28 02:02:47.696,109393.45746621619
2025-09-28 03:02:35.503,109502.8020224349
2025-09-28 04:03:01.617,109466.51935288562
2025-09-28 05:02:35.898,109411.79851170245
2025-09-28 06:02:30.932,109381.68249233282
2025-09-28 07:01:11.976,109437.05888486285
2025-09-28 08:02:23.137,109542.12662090406
2025-09-28 09:01:57.002,109563.70856819658
2025-09-28 10:02:33.909,109551.17885780206
2025-09-28 11:03:00.222,109392.04576622437
2025-09-28 12:02:43.691,109419.33651805612
2025-09-28 13:02:39.499,109340.75887763893
2025-09-28 14:02:40.709,109652.25156755622
2025-09-28 15:02:38.924,109891.38345219177
2025-09-28 16:02:35.361,110029.41811102814
2025-09-28 17:02:37.176,110236.55366169372
2025-09-28 18:02:48.855,110225.24400595334
2025-09-28 19:02:42.308,110301.01831782913
2025-09-28 20:02:35.029,110358.27107914866
2025-09-28 21:02:34.484,110842.57868761559
2025-09-28 22:02:27.230,110748.34598379082
2025-09-28 23:01:45.972,111969.62645083838
2025-09-29 00:02:21.418,112142.57362752674
2025-09-29 01:00:20.002,112267.05346492075
2025-09-29 02:01:56.840,111830.98630359917
2025-09-29 03:00:57.241,111764.70904322455
2025-09-29 04:01:20.586,111866.95779362427
2025-09-29 05:01:55.029,111828.20419864693
2025-09-29 06:00:33.385,111763.0748081197
2025-09-29 07:01:48.626,111656.03621546281
2025-09-29 08:01:39.992,111904.52379027267
2025-09-29 09:02:15.943,112138.43255762824
2025-09-29 10:01:46.640,112112.39935306006
2025-09-29 11:06:21.443,112175.03874557247
2025-09-29 12:02:23.129,112103.89222298122
2025-09-29 13:02:14.236,112070.82821038946
2025-09-29 14:02:13.895,113208.45926653664
2025-09-29 15:02:55.980,114191.21156503951
2025-09-29 16:01:23.019,113872.94417496897
2025-09-29 17:02:40.623,113762.01286786977
2025-09-29 18:02:21.546,114112.04466775396
2025-09-29 19:02:11.137,114079.5633862581
2025-09-29 20:02:22.667,114267.65815499244
2025-09-29 21:02:52.696,114335.55581555494
2025-09-29 22:02:21.536,114228.4460751732
2025-09-29 23:02:06.322,114199.64361291657
2025-09-30 00:01:15.755,114309.15041119447
2025-09-30 01:01:54.468,114591.64075168502
2025-09-30 02:01:58.221,114354.80102507943
2025-09-30 03:02:18.454,114470.31365250966
2025-09-30 04:01:47.388,114387.96352880343
2025-09-30 05:01:30.384,114125.99066435872
2025-09-30 06:02:17.043,113900.5151481005
2025-09-30 07:02:12.795,114005.75472972944
2025-09-30 08:01:25.874,113743.3326373963
2025-09-30 09:01:44.901,113486.80547713279
2025-09-30 10:02:32.043,112890.22100983586
2025-09-30 11:02:16.030,113034.88754235029
2025-09-30 12:01:22.003,113090.666325633
2025-09-30 13:02:09.316,113153.91895283562
2025-09-30 14:02:15.094,113286.25046418571
2025-09-30 15:02:22.020,113560.19793834805
2025-09-30 16:02:26.209,113103.90379580077
2025-09-30 17:01:29.261,112843.61303366242
2025-09-30 18:02:02.079,113343.47542896615
2025-09-30 19:02:18.018,113644.47187342969
2025-09-30 20:02:25.069,114491.9103392663
2025-09-30 21:02:37.088,114618.57914948085
2025-09-30 22:02:01.276,114360.38237831357
2025-09-30 23:00:42.176,113941.29371405822
2025-10-01 00:01:51.573,114024.22783550054
2025-10-01 01:02:04.729,114117.90747650724
2025-10-01 02:02:18.394,114513.0525092975
2025-10-01 03:02:19.999,114279.18471033598
2025-10-01 04:01:25.765,114214.15362627294
2025-10-01 05:01:37.859,114305.53341495708
2025-10-01 06:01:51.704,114613.05189776568
2025-10-01 07:06:48.664,114388.4661783791
2025-10-01 08:01:18.767,114527.88667529637
2025-10-01 09:01:41.225,116080.7836680288
2025-10-01 10:01:36.523,116448.6876962004
2025-10-01 11:00:22.014,116288.18164831583
2025-10-01 12:02:08.411,116644.28137114798
2025-10-01 13:01:25.243,116435.39338097989
2025-10-01 14:02:22.580,116770.62662304673
2025-10-01 15:02:22.512,117251.21265370194
2025-10-01 16:01:41.994,117484.31421351855
2025-10-01 17:02:51.506,117704.3790559691
2025-10-01 18:00:59.339,116868.50649297565
2025-10-01 19:01:35.919,117273.63376390918
2025-10-01 20:02:26.654,117481.28760147937
2025-10-01 21:06:17.876,117594.1568081039
2025-10-01 22:01:18.686,117491.0350655874
2025-10-01 23:02:10.696,117890.1276507497
2025-10-02 00:02:24.809,118503.24451752483
2025-10-02 01:02:38.889,118580.43667265555
2025-10-02 02:01:51.015,118792.11274433398
2025-10-02 03:03:06.616,118751.36338036042
2025-10-02 04:01:35.277,118774.17030297645
2025-10-02 05:02:02.085,118637.56780342005
2025-10-02 06:02:14.057,118386.89339564343
2025-10-02 07:02:22.312,118617.56865852905
2025-10-02 08:01:23.788,118544.2524595524
2025-10-02 09:02:20.931,118682.5766234885
2025-10-02 10:06:38.898,118932.97701945083
2025-10-02 11:02:37.646,118688.64326239079
2025-10-02 12:02:23.784,118870.58017736283
2025-10-02 13:02:14.331,119384.33350967319
2025-10-02 14:06:25.647,119593.0357894061
2025-10-02 15:06:16.054,118835.15046113516
2025-10-02 16:02:44.000,119947.5083644721
2025-10-02 17:03:05.441,119926.44247377582
2025-10-02 18:01:55.663,119971.9710835904
2025-10-02 19:00:35.657,120590.64786304125
2025-10-02 20:01:54.064,120806.93107659295
2025-10-02 21:02:18.021,120523.88980735927
2025-10-02 22:01:46.747,120200.57372246339
2025-10-02 23:02:14.294,120165.1470230456
2025-10-03 00:01:40.573,120514.57785586915
2025-10-03 01:06:02.120,120228.71817376939
2025-10-03 02:06:30.159,120015.14101780736
2025-10-03 03:02:01.597,120178.15640597939
2025-10-03 04:02:03.940,120366.33328893849
2025-10-03 05:02:23.326,120123.65922741519
2025-10-03 06:01:36.822,119975.42358661075
2025-10-03 07:01:25.645,119908.35993195747
2025-10-03 08:02:11.193,119735.66557820702
2025-10-03 09:02:27.778,120003.47766137778
2025-10-03 10:06:14.372,120370.71622395476
2025-10-03 11:02:14.745,120519.26842007492
2025-10-03 12:01:29.814,120409.86985481453
2025-10-03 13:01:29.239,120431.4212506921
2025-10-03 14:01:34.498,120424.92956448485
2025-10-03 15:00:48.049,120967.76635079077
2025-10-03 16:01:19.410,122390.74175091466
2025-10-03 17:01:57.416,122985.9623505026
2025-10-03 18:01:12.265,122128.8501318505
2025-10-03 19:01:37.995,122492.96930341884
2025-10-03 20:01:57.157,122750.94855600919
2025-10-03 21:01:57.118,122618.9446192301
2025-10-03 22:01:47.551,122392.67322296939
2025-10-03 23:01:54.069,122537.99384944742
2025-10-04 00:05:40.641,122294.92441742845
2025-10-04 01:05:58.915,122150.06126606805
2025-10-04 02:06:06.715,121952.44167267253
2025-10-04 03:02:20.966,121935.8168750585
2025-10-04 04:01:51.072,122291.0659143831
2025-10-04 05:01:43.538,122552.33231600233
2025-10-04 06:01:54.300,122646.32935293744
2025-10-04 07:02:10.790,122495.61278836025
2025-10-04 08:01:58.665,122321.67735182184
2025-10-04 09:01:32.347,122319.37588886406
2025-10-04 10:02:51.005,122267.9496898834
2025-10-04 11:01:48.809,122171.64688781092
2025-10-04 12:00:50.253,122065.46823584184
2025-10-04 13:02:30.397,122052.9660081154
2025-10-04 14:01:27.128,122437.93397095859
2025-10-04 15:00:06.224,122091.77008661162
2025-10-04 16:02:24.946,121883.35577101377
2025-10-04 17:01:55.892,121711.89858403725
2025-10-04 18:02:30.056,121743.66619345409
2025-10-04 19:02:26.584,121583.68696992841
2025-10-04 20:01:19.612,121968.72052188081
2025-10-04 21:02:04.831,121981.7879129011
2025-10-04 22:02:01.545,122229.25362775213
2025-10-04 23:01:59.170,122317.15720363855
2025-10-05 00:01:39.347,122428.89063350529
2025-10-05 01:01:41.291,122199.16741250416
2025-10-05 02:01:52.572,122410.86713173108
2025-10-05 03:01:42.778,124081.65218399749
2025-10-05 04:00:17.917,123864.54977449554
2025-10-05 05:02:34.157,125360.89741769346
2025-10-05 06:01:25.307,125108.59532167426
2025-10-05 07:01:20.881,125009.65624665703
2025-10-05 08:01:28.313,124763.28494640093
2025-10-05 09:01:36.702,124606.87490812004
2025-10-05 10:01:48.997,123148.92722406694
2025-10-05 11:01:08.974,123032.59682670924
2025-10-05 12:02:01.725,123486.10683115444
2025-10-05 13:01:55.949,123186.39058415455
2025-10-05 14:02:03.215,123146.53653887067
2025-10-05 15:01:08.499,123045.57811134712
2025-10-05 16:02:12.083,122820.55381383385
2025-10-05 17:02:05.428,123029.81103351283
2025-10-05 18:03:21.554,123111.74450333769
2025-10-05 19:01:18.451,123013.9043884999
2025-10-05 20:01:56.743,122604.86493111377
2025-10-05 21:02:21.816,122901.39122672529
2025-10-05 22:01:20.424,122788.69082187871
2025-10-05 23:01:45.048,123160.19781642949
2025-10-06 00:02:02.352,123506.18520027678
2025-10-06 01:00:34.310,123382.85158826497
2025-10-06 02:02:10.306,124035.45055260476
2025-10-06 03:00:51.803,124061.61792418701
2025-10-06 04:02:12.225,123952.57811836105
2025-10-06 05:06:12.331,123526.92406197298
2025-10-06 06:01:06.250,123620.88419469338
2025-10-06 07:02:16.211,123915.26327021542
2025-10-06 08:02:02.894,123377.11931871786
2025-10-06 09:02:24.407,123864.61055726717
2025-10-06 10:02:21.835,124007.44666647304
2025-10-06 11:02:41.108,124117.24691063132
2025-10-06 12:02:27.845,124256.788344884
2025-10-06 13:02:06.351,124555.90769697061
2025-10-06 14:01:59.306,124717.7784896696
2025-10-06 15:06:34.404,124579.36634572686
2025-10-06 16:00:53.185,125194.70107404342
2025-10-06 17:02:28.643,125294.91490179634
2025-10-06 18:02:38.402,125465.7344354104
2025-10-06 19:02:09.334,126079.88702928118
2025-10-06 20:06:13.414,125375.20071876704
2025-10-06 21:02:43.163,125252.37803951433
2025-10-06 22:02:32.780,124974.22659513997
2025-10-06 23:01:34.008,125071.79779861
2025-10-07 00:02:09.930,124773.50823074432
2025-10-07 01:00:25.515,124921.55229908747
2025-10-07 02:01:56.194,124655.8992667757
2025-10-07 03:00:09.833,124466.99639049203
2025-10-07 04:02:10.503,124338.75890091427
2025-10-07 05:00:27.247,124567.02336158842
2025-10-07 06:00:41.182,124435.48715295873
2025-10-07 07:01:49.481,123948.07279897777
2025-10-07 08:02:12.789,123714.60661589548
2025-10-07 09:02:26.733,124034.00312099373
2025-10-07 10:01:33.045,124165.94110094168
2025-10-07 11:00:24.877,124342.71925733486
2025-10-07 12:02:15.009,124553.84142326003
2025-10-07 13:01:25.153,125020.94913156852
2025-10-07 14:02:08.135,123652.99325933646
2025-10-07 15:01:31.075,122836.89733491105
2025-10-07 16:05:37.932,121889.18038451842
2025-10-07 17:00:45.771,121732.14822603675
2025-10-07 18:02:36.274,121268.19143320463
2025-10-07 19:01:17.492,120928.14693401169
2025-10-07 20:00:17.894,121777.83582293188
2025-10-07 21:02:31.317,122141.1149987215
2025-10-07 22:01:58.697,121880.52557087885
2025-10-07 23:01:51.660,121986.64658513198
2025-10-08 00:02:09.270,121518.75593575071
2025-10-08 01:01:43.554,121992.92527055443
2025-10-08 02:06:09.507,121937.25943753115
2025-10-08 03:02:04.668,122125.2292173656
2025-10-08 04:02:02.679,121342.42417322172
2025-10-08 05:01:55.047,121807.9359614418
2025-10-08 06:02:05.314,121275.38370398917
2025-10-08 07:06:33.819,121788.20134628833
2025-10-08 08:06:16.257,121675.72169988607
2025-10-08 09:01:35.638,122480.34767521863
2025-10-08 10:00:45.572,122493.1910435594
2025-10-08 11:02:20.759,122946.14032052325
2025-10-08 12:02:03.492,122885.17354571314
2025-10-08 13:01:18.389,122653.1405888022
2025-10-08 14:01:28.549,122259.52769446396
2025-10-08 15:02:18.144,122212.81054354674
2025-10-08 16:02:40.966,122170.82420533348
2025-10-08 17:02:07.355,123078.81464903947
2025-10-08 18:04:32.267,123966.00923012884
2025-10-08 19:02:07.154,123737.4205949182
2025-10-08 20:02:30.719,123480.34889116837
2025-10-08 21:01:56.517,123240.61753291485
2025-10-08 22:02:18.194,123218.27236696568
2025-10-08 23:02:50.010,123282.52156046173
2025-10-09 00:01:50.239,123352.50487523204
2025-10-09 01:02:42.647,123004.7073389183
2025-10-09 02:02:06.494,122445.95775755803
2025-10-09 03:02:30.790,121594.1766822819
2025-10-09 04:02:08.959,122040.70363956786
2025-10-09 05:01:51.028,122134.62739154362
2025-10-09 06:01:31.836,122119.51212540246
2025-10-09 07:00:24.210,121968.03924852247
2025-10-09 08:02:00.205,121985.73572091841
2025-10-09 09:02:18.775,121287.21846990881
2025-10-09 10:01:49.073,121808.64338495776
2025-10-09 11:00:50.884,122188.30027455505
2025-10-09 12:02:46.943,122799.10512899117
2025-10-09 13:01:59.204,123475.01328209444
2025-10-09 14:01:45.525,122786.938573978
2025-10-09 15:00:25.755,121363.29636580577
2025-10-09 16:01:31.536,121192.61184310442
2025-10-09 17:02:40.749,120322.04794974093
2025-10-09 18:02:25.718,120776.57159636542
2025-10-09 19:01:21.306,120721.00670276352
2025-10-09 20:01:17.525,121014.83772267938
2025-10-09 21:02:15.068,121176.1725746532
2025-10-09 22:01:59.856,121496.18411097584
2025-10-09 23:01:19.861,121740.81237186604
2025-10-10 00:02:01.981,121698.03066778315
2025-10-10 01:02:10.256,121820.11241777765
2025-10-10 02:01:23.703,121679.10760815437
2025-10-10 03:02:17.314,121061.73402443441
2025-10-10 04:00:25.009,121139.14938911727
2025-10-10 05:05:21.906,121225.53384747024
2025-10-10 06:02:16.882,121599.35874025906
2025-10-10 07:02:13.371,121414.4188711075
2025-10-10 08:01:55.697,121125.1481274346
2025-10-10 09:02:18.251,121500.35795851143
2025-10-10 10:00:28.096,121328.29141643904
2025-10-10 11:02:24.044,121549.06769184435
2025-10-10 12:01:52.649,121625.77040228223
2025-10-10 13:02:04.894,121581.9697775228
2025-10-10 14:02:12.081,121561.14703795656
2025-10-10 15:01:44.830,120477.61929978219
2025-10-10 16:06:18.049,118812.02216356724
2025-10-10 17:00:41.544,118315.94366728116
2025-10-10 18:00:39.000,117715.62522661283
2025-10-10 19:02:17.248,117315.44990657535
2025-10-10 20:02:24.849,116954.03031018036
2025-10-10 21:06:37.650,114758.36619100878
2025-10-10 22:01:50.945,113553.46205479014
2025-10-10 23:00:23.537,113879.7376683253
2025-10-11 00:00:40.505,113043.67586321975
2025-10-11 01:02:13.888,112645.11065304682
2025-10-11 02:07:15.508,111770.30703720753
2025-10-11 03:01:03.833,113306.38533153781
2025-10-11 04:03:53.467,112320.57533198694
2025-10-11 05:00:27.638,112862.1293162982
2025-10-11 06:02:47.781,112551.01870262809
2025-10-11 07:00:12.394,112189.09314108783
2025-10-11 08:01:42.260,110481.63913656214
2025-10-11 09:03:24.648,111418.13541739546
2025-10-11 10:04:29.554,111795.7765826011
2025-10-11 11:00:48.924,112234.4172422109
2025-10-11 12:01:36.720,112323.71307768454
2025-10-11 13:02:00.789,112461.02631975264
2025-10-11 14:01:09.088,112356.46649370568
2025-10-11 15:03:41.835,112138.00716951492
2025-10-11 16:01:27.291,112030.36462224036
2025-10-11 17:00:25.246,111909.75187038742
2025-10-11 18:01:31.605,112032.04769637782
2025-10-11 19:04:26.478,112042.23298089817
2025-10-11 20:03:00.614,111322.52027293928
2025-10-11 21:04:58.705,110389.75589111897
2025-10-11 22:00:46.934,111018.66093843614
2025-10-11 23:03:32.797,111134.29648271875
2025-10-12 00:03:24.823,110655.26975977031
2025-10-12 01:03:01.794,109883.28741022735
2025-10-12 02:04:52.221,110195.76140174491
2025-10-12 03:01:26.039,110198.81941126974
2025-10-12 04:00:05.653,110809.92567892557
2025-10-12 05:01:53.811,111600.18576625599
2025-10-12 06:02:11.747,111804.41628579248
2025-10-12 06:36:32.000,111897.73223962018
