timestamp,open,high,low,close,volume
2025-08-13 06:45:00,119180.01,119416.22,119135.37,119410.01,95.19717
2025-08-13 07:00:00,119410.01,119478.47,119343.34,119343.34,138.79422
2025-08-13 07:15:00,119343.35,119420.46,119322.88,119400.0,52.69759
2025-08-13 07:30:00,119400.01,119417.27,119290.01,119327.36,100.05143
2025-08-13 07:45:00,119327.35,119638.55,119303.41,119580.4,237.42609
2025-08-13 08:00:00,119580.4,119869.72,119446.22,119786.76,335.23076
2025-08-13 08:15:00,119786.75,119870.41,119700.25,119820.39,173.14071
2025-08-13 08:30:00,119820.39,119951.78,119820.39,119942.8,202.89576
2025-08-13 08:45:00,119942.79,120044.5,119828.01,120044.49,163.47482
2025-08-13 09:00:00,120044.5,120169.76,119948.01,120169.75,182.57435
2025-08-13 09:15:00,120169.76,120169.76,119771.88,119854.11,181.80499
2025-08-13 09:30:00,119854.11,120072.44,119854.11,120023.99,110.62799
2025-08-13 09:45:00,120023.99,120161.15,120021.1,120116.02,200.00711
2025-08-13 10:00:00,120116.02,120459.81,120047.58,120395.98,405.23546
2025-08-13 10:15:00,120395.99,120495.0,120304.23,120389.97,266.3804
2025-08-13 10:30:00,120389.98,120484.0,120366.86,120460.35,157.32368
2025-08-13 10:45:00,120460.35,120496.0,120391.66,120496.0,102.40437
2025-08-13 11:00:00,120496.0,120700.0,120462.24,120634.74,246.92234
2025-08-13 11:15:00,120634.74,120729.8,120432.21,120667.02,254.43379
2025-08-13 11:30:00,120667.02,120732.94,120580.0,120714.28,128.84119
2025-08-13 11:45:00,120714.29,120726.94,120570.41,120570.41,101.88756
2025-08-13 12:00:00,120570.41,120686.0,120378.77,120466.93,187.34346
2025-08-13 12:15:00,120466.93,120599.89,120466.93,120544.59,162.85475
2025-08-13 12:30:00,120544.6,120616.0,120424.96,120527.68,285.94013
2025-08-13 12:45:00,120527.68,120549.38,120209.51,120273.72,275.04294
2025-08-13 13:00:00,120273.72,120549.79,120212.21,120500.88,194.29075
2025-08-13 13:15:00,120500.89,120768.45,120477.18,120644.0,329.75906
2025-08-13 13:30:00,120644.01,120759.07,120106.02,120344.02,357.11269
2025-08-13 13:45:00,120344.03,122051.99,120294.04,121767.97,1504.31748
2025-08-13 14:00:00,121767.97,122200.0,121753.26,122070.75,752.38146
2025-08-13 14:15:00,122070.75,122155.76,121429.36,121706.63,872.37727
2025-08-13 14:30:00,121706.62,121918.06,121490.42,121649.7,293.21208
2025-08-13 14:45:00,121649.69,121649.69,120759.37,120890.73,562.02939
2025-08-13 15:00:00,120890.74,121240.84,120810.11,120978.72,366.91853
2025-08-13 15:15:00,120978.72,120978.73,120309.73,120571.61,497.08221
2025-08-13 15:30:00,120571.61,121343.06,120452.0,121332.11,355.29234
2025-08-13 15:45:00,121332.11,121332.11,120886.21,120920.62,232.71743
2025-08-13 16:00:00,120920.61,121508.64,120920.61,121508.64,194.50886
2025-08-13 16:15:00,121508.64,121721.3,121504.0,121538.15,250.10499
2025-08-13 16:30:00,121538.15,121700.0,121327.72,121327.72,140.24331
2025-08-13 16:45:00,121327.72,121480.97,121259.19,121421.77,119.85761
2025-08-13 17:00:00,121421.77,121699.99,121421.76,121603.46,221.47361
2025-08-13 17:15:00,121603.46,121850.31,121585.21,121792.0,229.89855
2025-08-13 17:30:00,121792.0,121829.67,121560.0,121604.17,289.32526
2025-08-13 17:45:00,121604.16,121887.53,121528.55,121823.24,194.20645
2025-08-13 18:00:00,121823.25,121954.51,121638.23,121908.97,171.22537
2025-08-13 18:15:00,121908.98,121935.01,121583.31,121627.74,235.53895
2025-08-13 18:30:00,121627.73,121877.31,121429.36,121504.73,341.09368
2025-08-13 18:45:00,121504.72,121711.69,121460.67,121639.2,143.38126
2025-08-13 19:00:00,121639.19,122000.0,121524.27,121934.01,270.4851
2025-08-13 19:15:00,121934.0,122547.54,121932.0,122358.0,725.88234
2025-08-13 19:30:00,122358.0,122555.0,122220.48,122423.9,253.31485
2025-08-13 19:45:00,122423.89,122839.47,122423.89,122744.21,387.36138
2025-08-13 20:00:00,122744.22,122842.72,122464.34,122802.28,251.22848
2025-08-13 20:15:00,122802.28,122802.28,122559.0,122613.39,162.50747
2025-08-13 20:30:00,122613.39,122807.27,122613.39,122807.27,190.8014
2025-08-13 20:45:00,122807.27,122973.0,122798.04,122904.01,234.96663
2025-08-13 21:00:00,122904.01,123000.0,122666.32,122723.76,380.70572
2025-08-13 21:15:00,122723.76,122944.66,122684.0,122689.19,189.06304
2025-08-13 21:30:00,122689.18,122830.0,122450.02,122465.16,247.00159
2025-08-13 21:45:00,122465.17,122638.82,122298.2,122561.16,249.65719
2025-08-13 22:00:00,122561.17,122970.86,122561.16,122970.86,259.51224
2025-08-13 22:15:00,122970.86,123046.61,122842.8,122941.92,254.8322
2025-08-13 22:30:00,122941.93,123584.41,122910.62,123518.76,510.23731
2025-08-13 22:45:00,123518.76,123637.68,122903.85,122954.03,366.11239
2025-08-13 23:00:00,122954.03,123176.85,122907.05,123000.0,161.02154
2025-08-13 23:15:00,123000.0,123310.63,122957.02,123310.62,131.14561
2025-08-13 23:30:00,123310.62,123667.79,123310.62,123458.01,213.208
2025-08-13 23:45:00,123458.0,123573.83,123280.1,123306.43,113.20706
2025-08-14 00:00:00,123306.44,123862.18,123251.9,123862.18,409.84465
2025-08-14 00:15:00,123862.17,124250.0,123659.75,124243.32,483.017926
2025-08-14 00:30:00,124243.31,124474.0,123666.01,123737.25,544.72667
2025-08-14 00:45:00,123737.25,123847.84,123489.84,123847.83,226.46243
2025-08-14 01:00:00,123847.82,123946.46,123596.53,123609.52,214.57474
2025-08-14 01:15:00,123609.53,123738.74,123387.52,123571.14,184.65099
2025-08-14 01:30:00,123571.14,123785.0,123519.77,123574.99,159.89745
2025-08-14 01:45:00,123574.99,123575.0,123337.66,123337.67,101.94893
2025-08-14 02:00:00,123337.66,123590.9,123337.65,123368.33,212.13996
2025-08-14 02:15:00,123368.34,123456.44,123250.5,123316.55,142.33933
2025-08-14 02:30:00,123316.55,123596.25,123295.21,123579.26,124.28413
2025-08-14 02:45:00,123579.26,123689.98,123507.57,123662.53,193.13371
2025-08-14 03:00:00,123662.53,123849.98,123598.49,123764.76,124.92886
2025-08-14 03:15:00,123764.75,123764.76,123552.24,123572.0,105.90996
2025-08-14 03:30:00,123572.0,123582.83,123400.0,123524.87,140.35439
2025-08-14 03:45:00,123524.86,123532.8,123295.21,123337.14,113.46219
2025-08-14 04:00:00,123337.14,123428.6,123125.29,123126.38,161.01401
2025-08-14 04:15:00,123126.39,123377.55,123116.1,123314.18,138.10138
2025-08-14 04:30:00,123314.19,123326.97,123124.01,123203.34,122.48931
2025-08-14 04:45:00,123203.35,123203.35,123001.46,123003.17,149.69391
2025-08-14 05:00:00,123003.17,123123.6,122850.21,122879.73,157.71659
2025-08-14 05:15:00,122879.74,123000.0,122705.48,122705.49,135.07413
2025-08-14 05:30:00,122705.48,122800.0,122543.86,122570.84,259.98137
2025-08-14 05:45:00,122570.84,122616.51,122080.0,122134.76,279.33273
2025-08-14 06:00:00,122134.76,122134.76,121712.1,121738.39,404.46319
2025-08-14 06:15:00,121738.39,121760.24,121313.86,121583.0,497.56673
2025-08-14 06:30:00,121583.01,121923.39,121583.0,121752.39,376.13695
2025-08-14 06:45:00,121752.4,121929.34,121729.4,121771.27,187.02015
2025-08-14 07:00:00,121771.27,121929.62,121619.9,121677.59,289.69219
2025-08-14 07:15:00,121677.58,121753.0,121538.28,121617.64,185.64836
2025-08-14 07:30:00,121617.64,122047.79,121617.64,121911.3,252.52586
2025-08-14 07:45:00,121911.29,121931.97,121605.6,121725.31,159.20058
2025-08-14 08:00:00,121725.31,121861.0,121587.09,121814.66,332.63859
2025-08-14 08:15:00,121814.66,122045.9,121808.0,122014.79,245.04958
2025-08-14 08:30:00,122014.79,122014.79,121663.48,121696.21,261.44282
2025-08-14 08:45:00,121696.21,121765.77,121560.83,121637.78,117.8061
2025-08-14 09:00:00,121637.78,121899.77,121528.55,121899.77,119.76
2025-08-14 09:15:00,121899.76,121918.8,121755.53,121813.45,103.00201
2025-08-14 09:30:00,121813.45,121813.45,121580.0,121580.01,199.38097
2025-08-14 09:45:00,121580.0,121709.67,121580.0,121649.84,191.1601
2025-08-14 10:00:00,121649.84,121649.85,121450.0,121480.33,225.86969
2025-08-14 10:15:00,121480.34,121772.9,121480.23,121511.97,155.38206
2025-08-14 10:30:00,121511.97,121659.3,121111.0,121150.0,296.56449
2025-08-14 10:45:00,121149.99,121244.09,120757.01,120933.0,455.49612
2025-08-14 11:00:00,120932.99,121031.31,120771.81,120829.99,292.95996
2025-08-14 11:15:00,120830.0,120930.62,120741.89,120893.5,205.09114
2025-08-14 11:30:00,120893.5,120914.63,120694.0,120780.11,131.01557
2025-08-14 11:45:00,120780.1,120958.67,120765.16,120949.67,123.66954
2025-08-14 12:00:00,120949.66,120994.59,120850.0,120994.59,243.32842
2025-08-14 12:15:00,120994.59,121183.06,120450.0,121143.67,614.39143
2025-08-14 12:30:00,121143.68,121143.68,117632.0,119531.42,3216.80934
2025-08-14 12:45:00,119531.41,119732.83,118700.0,118866.37,981.93691
2025-08-14 13:00:00,118866.37,119249.2,118060.0,119249.19,944.55883
2025-08-14 13:15:00,119249.2,119249.2,118006.44,118235.05,956.23954
2025-08-14 13:30:00,118235.06,118665.67,117727.73,118270.02,785.36052
2025-08-14 13:45:00,118270.03,118865.57,118165.19,118428.85,585.41431
2025-08-14 14:00:00,118428.86,118450.0,118008.32,118039.99,356.53141
2025-08-14 14:15:00,118040.0,118876.0,118012.48,118869.42,568.46626
2025-08-14 14:30:00,118869.41,119309.67,118768.69,119063.24,557.1806
2025-08-14 14:45:00,119063.24,119361.45,118730.47,118799.01,354.96848
2025-08-14 15:00:00,118799.02,118899.64,118472.22,118535.99,293.40838
2025-08-14 15:15:00,118535.99,118594.67,118040.67,118150.62,396.15461
2025-08-14 15:30:00,118150.62,118280.0,117879.87,118088.9,414.23812
2025-08-14 15:45:00,118088.9,118298.79,117923.17,118257.25,348.08045
2025-08-14 16:00:00,118257.26,118257.26,117612.0,117646.41,529.48554
2025-08-14 16:15:00,117646.41,117901.86,117414.09,117639.17,519.73509
2025-08-14 16:30:00,117639.17,117882.46,117407.09,117707.55,208.9175
2025-08-14 16:45:00,117707.55,117999.05,117542.08,117866.42,248.06239
2025-08-14 17:00:00,117866.42,117871.78,117500.0,117720.05,176.06918
2025-08-14 17:15:00,117720.05,118146.48,117540.0,118110.11,155.40234
2025-08-14 17:30:00,118110.11,118126.79,117695.63,117695.63,118.86481
2025-08-14 17:45:00,117695.64,117935.47,117572.99,117920.13,186.38251
2025-08-14 18:00:00,117920.14,117930.81,117647.0,117659.99,144.13132
2025-08-14 18:15:00,117659.99,117855.0,117180.0,117855.0,332.60543
2025-08-14 18:30:00,117854.99,118090.89,117806.04,118039.99,149.18589
2025-08-14 18:45:00,118039.98,118214.78,117981.97,118089.75,87.79333
2025-08-14 19:00:00,118089.75,118191.15,118064.0,118113.9,74.72553
2025-08-14 19:15:00,118113.91,118411.93,117996.18,118293.17,134.38597
2025-08-14 19:30:00,118293.16,118293.17,118100.0,118187.56,78.24674
2025-08-14 19:45:00,118187.56,118535.0,117920.0,117945.92,401.41167
2025-08-14 20:00:00,117945.92,118003.62,117724.37,117819.99,303.44942
2025-08-14 20:15:00,117819.99,118140.0,117776.9,118140.0,97.70345
2025-08-14 20:30:00,118140.0,118146.55,117879.09,117935.42,79.39289
2025-08-14 20:45:00,117935.42,117974.5,117755.83,117866.16,115.0231
2025-08-14 21:00:00,117866.16,118199.99,117832.09,118148.21,87.55027
2025-08-14 21:15:00,118148.22,118170.48,117630.92,117643.69,120.9784
2025-08-14 21:30:00,117643.7,117880.0,117302.33,117567.57,352.89124
2025-08-14 21:45:00,117567.58,117927.08,117468.0,117899.16,162.06178
2025-08-14 22:00:00,117899.16,118066.0,117641.4,118066.0,103.10519
2025-08-14 22:15:00,118065.99,118216.57,117991.66,118216.57,103.34796
2025-08-14 22:30:00,118216.57,118344.22,118114.54,118187.97,82.75762
2025-08-14 22:45:00,118187.97,118349.01,118180.0,118285.46,73.86066
2025-08-14 23:00:00,118285.47,118405.26,118239.68,118376.01,145.5058
2025-08-14 23:15:00,118376.0,118511.72,118376.0,118511.71,116.77767
2025-08-14 23:30:00,118511.72,118516.81,118388.02,118439.27,79.21456
2025-08-14 23:45:00,118439.27,118516.0,118243.07,118295.09,101.23223
2025-08-15 00:00:00,118295.09,118473.18,118223.81,118473.18,103.00313
2025-08-15 00:15:00,118473.18,118473.18,118200.0,118229.3,75.96758
2025-08-15 00:30:00,118229.31,118421.33,118032.94,118378.0,120.27815
2025-08-15 00:45:00,118378.0,118463.56,118144.0,118181.97,88.3931
2025-08-15 01:00:00,118181.98,118210.1,118033.93,118132.74,70.54817
2025-08-15 01:15:00,118132.73,118427.74,118032.32,118405.13,90.3752
2025-08-15 01:30:00,118405.14,118636.0,118307.21,118621.99,185.78944
2025-08-15 01:45:00,118621.99,118736.0,118565.95,118681.64,127.1372
2025-08-15 02:00:00,118681.63,118790.0,118584.2,118700.55,185.38854
2025-08-15 02:15:00,118700.54,118788.0,118629.18,118770.31,98.33618
2025-08-15 02:30:00,118770.3,118888.0,118676.76,118823.87,146.21109
2025-08-15 02:45:00,118823.87,118851.99,118648.0,118698.0,119.47975
2025-08-15 03:00:00,118698.0,118905.12,118604.41,118861.98,87.12563
2025-08-15 03:15:00,118861.98,119000.0,118787.13,118999.99,105.03916
2025-08-15 03:30:00,118999.99,119077.71,118905.77,118964.0,152.5747
2025-08-15 03:45:00,118964.0,118974.48,118874.37,118968.91,127.90734
2025-08-15 04:00:00,118968.91,119108.89,118930.28,119106.78,151.84065
2025-08-15 04:15:00,119106.79,119172.77,119049.44,119172.77,138.23507
2025-08-15 04:30:00,119172.77,119199.2,118982.73,118982.73,95.80189
2025-08-15 04:45:00,118982.73,118982.73,118770.0,118833.03,111.63145
2025-08-15 05:00:00,118833.04,118959.99,118676.39,118676.39,83.3205
2025-08-15 05:15:00,118676.4,118831.12,118629.58,118750.0,66.8865
2025-08-15 05:30:00,118750.01,118874.09,118696.02,118696.03,92.6374
2025-08-15 05:45:00,118696.03,119000.0,118657.55,118984.29,118.05435
2025-08-15 06:00:00,118984.29,119174.93,118883.05,118913.83,130.60799
2025-08-15 06:15:00,118913.82,119144.5,118866.01,119092.09,115.42682
2025-08-15 06:30:00,119092.09,119211.0,119072.17,119211.0,94.39184
2025-08-15 06:45:00,119211.0,119216.82,119066.75,119082.82,71.56749
2025-08-15 07:00:00,119082.83,119100.0,118874.81,118874.82,125.90328
2025-08-15 07:15:00,118874.81,118981.07,118809.69,118888.76,105.81076
2025-08-15 07:30:00,118888.76,118922.91,118765.71,118810.02,129.68609
2025-08-15 07:45:00,118810.01,118956.45,118758.8,118956.45,101.10483
2025-08-15 08:00:00,118956.45,119064.0,118937.57,118937.57,72.27003
2025-08-15 08:15:00,118937.57,119094.12,118888.0,119080.0,55.45466
2025-08-15 08:30:00,119080.0,119144.5,119036.3,119134.68,56.17945
2025-08-15 08:45:00,119134.68,119134.68,118878.71,118878.72,67.47654
2025-08-15 09:00:00,118878.72,119058.94,118865.59,118922.78,57.05343
2025-08-15 09:15:00,118922.78,118932.0,118694.43,118713.75,91.01328
2025-08-15 09:30:00,118713.74,118891.2,118701.57,118741.55,86.27425
2025-08-15 09:45:00,118741.55,118822.97,118600.0,118707.99,65.54018
2025-08-15 10:00:00,118708.0,118960.94,118708.0,118864.73,69.84961
2025-08-15 10:15:00,118864.73,119026.53,118839.69,118980.25,96.28623
2025-08-15 10:30:00,118980.25,119020.34,118878.64,118974.19,58.2861
2025-08-15 10:45:00,118974.2,119011.9,118872.0,118879.83,59.36512
2025-08-15 11:00:00,118879.82,119121.31,118879.82,119060.0,164.48126
2025-08-15 11:15:00,119060.0,119080.0,118962.61,119002.24,38.95834
2025-08-15 11:30:00,119002.25,119084.0,118991.41,119066.7,42.62239
2025-08-15 11:45:00,119066.69,119096.0,118997.82,119006.01,48.7152
2025-08-15 12:00:00,119006.01,119113.29,118944.0,119091.99,55.18723
2025-08-15 12:15:00,119091.99,119091.99,118671.03,118674.13,166.68871
2025-08-15 12:30:00,118674.13,119130.77,118510.0,118641.43,330.73565
2025-08-15 12:45:00,118641.44,118773.99,118519.43,118648.66,95.23959
2025-08-15 13:00:00,118648.66,118738.0,118340.57,118479.88,327.74637
2025-08-15 13:15:00,118479.88,118600.0,118428.37,118464.17,180.9101
2025-08-15 13:30:00,118464.17,118520.0,117962.61,118026.01,463.94148
2025-08-15 13:45:00,118026.0,118112.0,117743.21,117770.48,329.50694
2025-08-15 14:00:00,117770.47,118159.62,117644.41,118025.24,370.99874
2025-08-15 14:15:00,118025.23,118274.0,117786.8,117892.0,190.89541
2025-08-15 14:30:00,117892.01,118028.37,117746.37,117747.9,142.68176
2025-08-15 14:45:00,117747.9,117805.01,117260.0,117400.0,472.22811
2025-08-15 15:00:00,117400.0,117524.44,116935.44,117351.99,720.20134
2025-08-15 15:15:00,117352.0,117588.68,117001.69,117066.66,539.89271
2025-08-15 15:30:00,117066.65,117405.05,116827.29,116850.01,393.64891
2025-08-15 15:45:00,116850.01,117393.13,116832.36,117275.22,348.39055
2025-08-15 16:00:00,117275.23,117360.0,116807.0,117045.66,292.87198
2025-08-15 16:15:00,117045.66,117168.0,116803.99,117039.5,194.99483
2025-08-15 16:30:00,117039.49,117272.0,117028.93,117189.03,110.99041
2025-08-15 16:45:00,117189.03,117418.49,117140.09,117353.36,157.42453
2025-08-15 17:00:00,117353.36,117363.04,117103.59,117162.27,107.03186
2025-08-15 17:15:00,117162.27,117674.58,117000.0,117547.44,248.55098
2025-08-15 17:30:00,117547.43,117882.35,117394.99,117740.03,391.68559
2025-08-15 17:45:00,117740.03,117764.78,117547.43,117586.92,115.64716
2025-08-15 18:00:00,117586.92,117662.41,117300.0,117380.01,84.63671
2025-08-15 18:15:00,117380.0,117388.35,117275.47,117323.46,79.22961
2025-08-15 18:30:00,117323.47,117456.78,117260.0,117262.79,61.86408
2025-08-15 18:45:00,117262.8,117406.74,117028.98,117159.66,107.67819
2025-08-15 19:00:00,117159.65,117286.24,117008.0,117286.24,112.14875
2025-08-15 19:15:00,117286.23,117412.82,117126.71,117128.01,58.46582
2025-08-15 19:30:00,117128.01,117188.0,116972.0,116985.3,105.00399
2025-08-15 19:45:00,116985.31,117058.6,116866.0,116936.27,165.2364
2025-08-15 20:00:00,116936.28,117136.12,116862.5,117136.11,104.24687
2025-08-15 20:15:00,117136.11,117203.49,117059.5,117193.56,48.69068
2025-08-15 20:30:00,117193.56,117323.47,117182.06,117226.08,49.28552
2025-08-15 20:45:00,117226.07,117323.47,117220.02,117280.0,46.14868
2025-08-15 21:00:00,117280.01,117350.0,117074.29,117074.3,85.57664
2025-08-15 21:15:00,117074.3,117275.48,117000.0,117252.01,88.17297
2025-08-15 21:30:00,117252.0,117308.71,117154.37,117239.99,57.3016
2025-08-15 21:45:00,117240.0,117320.02,117236.06,117320.02,37.93885
2025-08-15 22:00:00,117320.01,117376.57,117302.65,117319.96,101.80044
2025-08-15 22:15:00,117319.96,117376.93,117319.96,117376.92,50.71885
2025-08-15 22:30:00,117376.92,117506.95,117376.92,117450.97,104.07258
2025-08-15 22:45:00,117450.97,117738.57,117450.96,117702.0,118.06856
2025-08-15 23:00:00,117701.99,117761.88,117320.0,117326.03,171.08698
2025-08-15 23:15:00,117326.03,117326.04,117036.53,117178.57,141.52183
2025-08-15 23:30:00,117178.57,117235.35,117087.99,117150.07,62.34033
2025-08-15 23:45:00,117150.08,117342.05,117114.0,117342.05,87.72553
2025-08-16 00:00:00,117342.04,117491.44,117231.14,117491.44,155.04912
2025-08-16 00:15:00,117491.44,117563.44,117356.42,117479.98,192.20409
2025-08-16 00:30:00,117479.98,117697.02,117478.3,117678.27,101.58538
2025-08-16 00:45:00,117678.27,117781.99,117659.62,117735.21,97.38158
2025-08-16 01:00:00,117735.2,117779.4,117635.41,117771.39,157.36162
2025-08-16 01:15:00,117771.39,117803.64,117626.31,117716.91,79.44635
2025-08-16 01:30:00,117716.9,117842.84,117707.4,117797.19,58.51188
2025-08-16 01:45:00,117797.2,117898.99,117771.39,117821.6,54.30512
2025-08-16 02:00:00,117821.61,117821.61,117610.06,117643.12,108.39756
2025-08-16 02:15:00,117643.13,117717.44,117580.78,117637.18,46.8694
2025-08-16 02:30:00,117637.18,117653.88,117519.98,117547.44,55.83556
2025-08-16 02:45:00,117547.44,117614.68,117440.74,117505.51,96.40355
2025-08-16 03:00:00,117505.52,117628.43,117412.26,117611.04,76.92233
2025-08-16 03:15:00,117611.04,117657.97,117576.09,117639.44,42.3315
2025-08-16 03:30:00,117639.44,117639.44,117520.0,117520.0,47.97668
2025-08-16 03:45:00,117520.01,117594.97,117389.56,117429.63,49.94378
2025-08-16 04:00:00,117429.63,117503.18,117419.44,117454.7,32.84465
2025-08-16 04:15:00,117454.7,117824.59,117435.44,117816.47,71.80911
2025-08-16 04:30:00,117816.46,117841.73,117707.4,117726.93,53.03077
2025-08-16 04:45:00,117726.94,117884.0,117726.93,117815.66,64.82762
2025-08-16 05:00:00,117815.66,117852.25,117728.98,117729.4,41.50007
2025-08-16 05:15:00,117729.4,117729.4,117532.03,117582.17,43.8995
2025-08-16 05:30:00,117582.17,117652.9,117530.53,117552.0,59.98268
2025-08-16 05:45:00,117552.0,117619.98,117522.7,117595.78,56.16667
2025-08-16 06:00:00,117595.78,117635.42,117425.21,117425.21,67.00889
2025-08-16 06:15:00,117425.21,117486.0,117383.59,117448.92,60.73366
2025-08-16 06:30:00,117448.91,117477.12,117278.0,117370.83,95.90163
2025-08-16 06:45:00,117370.82,117462.48,117354.89,117394.65,36.89171
2025-08-16 07:00:00,117394.64,117536.69,117344.69,117476.02,73.68906
2025-08-16 07:15:00,117476.01,117518.45,117388.01,117518.44,43.30565
2025-08-16 07:30:00,117518.45,117659.42,117504.68,117634.0,83.61853
2025-08-16 07:45:00,117633.99,117674.77,117596.06,117596.07,40.04576
2025-08-16 08:00:00,117596.07,117600.66,117514.57,117540.0,40.48332
2025-08-16 08:15:00,117540.0,117560.0,117501.16,117525.04,30.78686
2025-08-16 08:30:00,117525.05,117676.0,117525.04,117633.64,43.05625
2025-08-16 08:45:00,117633.65,117677.06,117577.99,117631.09,70.76127
2025-08-16 09:00:00,117631.09,117703.92,117550.34,117652.99,80.90874
2025-08-16 09:15:00,117652.99,117686.86,117615.9,117660.55,47.4652
2025-08-16 09:30:00,117660.55,117692.33,117606.0,117651.99,60.05072
2025-08-16 09:45:00,117652.0,117660.88,117306.0,117312.0,114.94228
2025-08-16 10:00:00,117312.0,117447.05,117223.04,117309.85,198.87694
2025-08-16 10:15:00,117309.86,117378.16,117143.98,117342.0,178.30791
2025-08-16 10:30:00,117342.0,117386.66,117233.37,117331.0,101.77893
2025-08-16 10:45:00,117331.0,117395.95,117320.0,117388.0,45.87567
2025-08-16 11:00:00,117387.99,117499.8,117387.99,117499.76,35.09565
2025-08-16 11:15:00,117499.76,117540.0,117499.76,117500.18,32.10152
2025-08-16 11:30:00,117500.19,117500.19,117405.47,117405.48,49.81616
2025-08-16 11:45:00,117405.48,117458.84,117350.12,117378.52,75.73388
2025-08-16 12:00:00,117378.52,117442.37,117350.14,117435.81,90.28217
2025-08-16 12:15:00,117435.8,117512.02,117327.63,117512.02,96.34581
2025-08-16 12:30:00,117512.02,117729.26,117512.02,117658.02,112.29146
2025-08-16 12:45:00,117658.03,117747.36,117616.28,117747.36,49.1843
2025-08-16 13:00:00,117747.35,117799.99,117636.76,117697.01,107.80338
2025-08-16 13:15:00,117697.0,117780.0,117686.86,117747.5,84.97357
2025-08-16 13:30:00,117747.5,117789.33,117655.69,117662.89,83.62304
2025-08-16 13:45:00,117662.89,117741.62,117582.29,117623.52,88.97585
2025-08-16 14:00:00,117623.53,117729.66,117576.34,117659.41,65.02505
2025-08-16 14:15:00,117659.42,117765.81,117550.0,117754.03,71.22235
2025-08-16 14:30:00,117754.02,117754.02,117653.56,117704.94,75.31338
2025-08-16 14:45:00,117704.94,117771.4,117704.94,117771.39,41.4979
2025-08-16 15:00:00,117771.4,117825.0,117674.67,117748.87,100.88972
2025-08-16 15:15:00,117748.87,117774.3,117716.83,117771.39,31.09478
2025-08-16 15:30:00,117771.4,117771.4,117621.1,117652.0,56.76436
2025-08-16 15:45:00,117651.99,117731.05,117651.99,117676.7,36.21315
2025-08-16 16:00:00,117676.7,117771.4,117676.7,117771.4,50.01339
2025-08-16 16:15:00,117771.4,117800.0,117734.14,117799.86,152.74671
2025-08-16 16:30:00,117799.86,117817.65,117736.71,117737.15,149.76735
2025-08-16 16:45:00,117737.15,117776.35,117737.14,117747.65,37.29239
2025-08-16 17:00:00,117747.64,117747.65,117655.26,117700.0,90.11234
2025-08-16 17:15:00,117700.0,117731.89,117651.72,117724.0,30.29556
2025-08-16 17:30:00,117724.01,117724.01,117660.65,117660.65,34.24149
2025-08-16 17:45:00,117660.66,117717.91,117660.65,117693.0,26.81166
2025-08-16 18:00:00,117692.99,117731.99,117666.0,117731.98,22.71011
2025-08-16 18:15:00,117731.99,117757.06,117667.28,117695.49,28.53286
2025-08-16 18:30:00,117695.49,117700.0,117661.55,117661.55,26.04946
2025-08-16 18:45:00,117661.56,117700.0,117629.94,117685.79,35.0773
2025-08-16 19:00:00,117685.78,117685.79,117652.92,117671.99,26.91017
2025-08-16 19:15:00,117672.0,117698.19,117671.99,117698.19,21.26807
2025-08-16 19:30:00,117698.19,117771.4,117698.18,117755.44,55.33965
2025-08-16 19:45:00,117755.44,117755.44,117672.12,117672.12,30.25832
2025-08-16 20:00:00,117672.13,117673.98,117522.01,117614.94,43.97706
2025-08-16 20:15:00,117614.94,117713.51,117614.93,117659.42,33.87177
2025-08-16 20:30:00,117659.42,117688.61,117635.41,117688.6,36.37745
2025-08-16 20:45:00,117688.61,117711.0,117618.36,117655.41,41.71134
2025-08-16 21:00:00,117655.41,117655.42,117582.09,117582.09,33.45708
2025-08-16 21:15:00,117582.1,117600.16,117568.33,117599.42,49.2516
2025-08-16 21:30:00,117599.42,117599.42,117433.33,117491.53,43.76984
2025-08-16 21:45:00,117491.54,117540.0,117452.2,117452.21,26.51469
2025-08-16 22:00:00,117452.21,117452.21,117219.34,117402.38,173.62378
2025-08-16 22:15:00,117402.39,117463.87,117402.38,117436.38,47.53011
2025-08-16 22:30:00,117436.38,117552.0,117434.63,117499.55,68.11021
2025-08-16 22:45:00,117499.55,117536.43,117458.14,117460.56,35.94367
2025-08-16 23:00:00,117460.57,117475.07,117420.37,117420.37,37.99013
2025-08-16 23:15:00,117420.38,117420.38,117287.31,117287.32,49.72102
2025-08-16 23:30:00,117287.32,117358.73,117278.23,117358.73,63.44859
2025-08-16 23:45:00,117358.72,117461.58,117358.72,117380.66,47.63297
2025-08-17 00:00:00,117380.66,117380.67,117304.5,117330.84,64.75622
2025-08-17 00:15:00,117330.84,117367.73,117284.1,117357.67,24.40481
2025-08-17 00:30:00,117357.67,117419.45,117284.1,117317.72,32.0362
2025-08-17 00:45:00,117317.72,117338.0,117255.18,117255.19,38.47003
2025-08-17 01:00:00,117255.18,117285.53,117172.21,117275.48,80.0831
2025-08-17 01:15:00,117275.47,117335.2,117204.3,117300.9,30.46004
2025-08-17 01:30:00,117300.9,117491.44,117292.79,117387.81,84.92126
2025-08-17 01:45:00,117387.8,117470.85,117338.14,117439.97,48.66872
2025-08-17 02:00:00,117439.97,117499.0,117407.92,117407.92,31.50954
2025-08-17 02:15:00,117407.92,117547.44,117381.39,117547.43,27.7146
2025-08-17 02:30:00,117547.44,117547.44,117447.27,117541.15,41.82209
2025-08-17 02:45:00,117541.16,117624.55,117498.96,117606.0,56.31541
2025-08-17 03:00:00,117606.0,117621.99,117540.72,117561.99,70.49341
2025-08-17 03:15:00,117562.0,117573.68,117505.93,117573.68,28.42739
2025-08-17 03:30:00,117573.67,117707.41,117551.69,117702.22,45.07763
2025-08-17 03:45:00,117702.22,117771.37,117684.95,117684.95,65.37046
2025-08-17 04:00:00,117684.96,117740.17,117684.95,117711.78,44.69278
2025-08-17 04:15:00,117711.78,117771.4,117711.78,117771.37,67.0695
2025-08-17 04:30:00,117771.38,117779.4,117771.37,117779.39,31.37389
2025-08-17 04:45:00,117779.4,118187.28,117779.39,118076.11,229.75189
2025-08-17 05:00:00,118076.12,118230.82,118027.94,118181.94,104.43366
2025-08-17 05:15:00,118181.93,118195.68,118099.37,118131.56,120.8211
2025-08-17 05:30:00,118131.56,118147.75,118000.0,118028.97,36.67145
2025-08-17 05:45:00,118028.96,118079.99,118000.0,118000.01,34.68822
2025-08-17 06:00:00,118000.0,118106.67,118000.0,118106.67,24.55737
2025-08-17 06:15:00,118106.66,118118.0,118044.59,118087.94,54.86737
2025-08-17 06:30:00,118087.94,118087.94,117913.61,117976.59,101.33893
2025-08-17 06:45:00,117976.59,117987.99,117905.37,117923.99,51.52504
2025-08-17 07:00:00,117924.0,118015.44,117843.74,118005.82,87.99527
2025-08-17 07:15:00,118005.82,118030.15,117956.77,117956.78,49.09863
2025-08-17 07:30:00,117956.78,117987.37,117896.15,117987.36,27.14159
2025-08-17 07:45:00,117987.36,118005.98,117948.09,118005.98,43.65666
2025-08-17 08:00:00,118005.98,118034.85,117922.0,117922.0,34.20422
2025-08-17 08:15:00,117922.01,117991.81,117922.0,117991.8,39.95239
2025-08-17 08:30:00,117991.81,118153.34,117991.8,118110.78,57.91977
2025-08-17 08:45:00,118110.78,118399.99,118108.72,118366.06,205.73938
2025-08-17 09:00:00,118366.05,118409.98,118235.0,118294.55,117.74992
2025-08-17 09:15:00,118294.56,118484.0,118269.04,118344.63,111.42423
2025-08-17 09:30:00,118344.62,118388.71,118239.0,118306.88,60.5715
2025-08-17 09:45:00,118306.89,118355.32,118285.03,118345.99,40.55797
2025-08-17 10:00:00,118345.99,118345.99,118219.33,118243.81,62.047
2025-08-17 10:15:00,118243.81,118260.0,118190.0,118220.02,36.92773
2025-08-17 10:30:00,118220.01,118292.0,118192.27,118291.99,28.57613
2025-08-17 10:45:00,118291.99,118393.35,118280.16,118393.34,42.71253
2025-08-17 11:00:00,118393.34,118393.35,118292.91,118301.0,58.44785
2025-08-17 11:15:00,118300.99,118355.32,118270.8,118346.1,41.77707
2025-08-17 11:30:00,118346.11,118371.83,118284.11,118322.32,35.74115
2025-08-17 11:45:00,118322.31,118358.26,118304.07,118308.01,33.32665
2025-08-17 12:00:00,118308.0,118356.62,118211.71,118307.96,75.66845
2025-08-17 12:15:00,118307.96,118343.1,118250.0,118250.0,28.59369
2025-08-17 12:30:00,118250.0,118296.11,118211.72,118234.1,39.00315
2025-08-17 12:45:00,118234.11,118250.62,118134.51,118162.6,40.30064
2025-08-17 13:00:00,118162.61,118180.0,118073.63,118073.63,42.20467
2025-08-17 13:15:00,118073.63,118182.0,118059.12,118176.02,144.90289
2025-08-17 13:30:00,118176.02,118355.31,118161.85,118340.01,52.77055
2025-08-17 13:45:00,118340.0,118575.0,118323.6,118429.99,156.38283
2025-08-17 14:00:00,118429.99,118473.66,118347.77,118347.77,50.03499
2025-08-17 14:15:00,118347.78,118349.73,118160.08,118256.76,63.12132
2025-08-17 14:30:00,118256.75,118267.68,118164.29,118267.67,33.80507
2025-08-17 14:45:00,118267.67,118313.51,118150.0,118150.01,42.65639
2025-08-17 15:00:00,118150.01,118256.15,118137.25,118245.86,61.53161
2025-08-17 15:15:00,118245.86,118245.86,118144.03,118150.34,52.40221
2025-08-17 15:30:00,118150.33,118248.58,118150.33,118248.58,39.12374
2025-08-17 15:45:00,118248.59,118263.9,118211.33,118246.16,51.77051
2025-08-17 16:00:00,118246.15,118316.01,118055.75,118107.34,127.36204
2025-08-17 16:15:00,118107.34,118194.6,117967.09,118071.92,105.58437
2025-08-17 16:30:00,118071.92,118116.0,117927.16,117974.25,82.14526
2025-08-17 16:45:00,117974.25,117992.73,117700.7,117834.56,173.29349
2025-08-17 17:00:00,117834.55,117883.39,117747.91,117750.02,61.88227
2025-08-17 17:15:00,117750.03,117872.22,117645.04,117810.7,69.09288
2025-08-17 17:30:00,117810.71,117934.82,117810.7,117900.57,37.8444
2025-08-17 17:45:00,117900.57,117930.48,117852.58,117900.0,44.16874
2025-08-17 18:00:00,117900.01,117947.98,117883.38,117912.94,37.79569
2025-08-17 18:15:00,117912.93,117930.0,117734.5,117806.49,36.6399
2025-08-17 18:30:00,117806.5,117841.81,117779.39,117816.0,20.01316
2025-08-17 18:45:00,117816.0,117816.01,117321.53,117542.01,265.87708
2025-08-17 19:00:00,117542.01,117730.56,117468.0,117687.76,95.969
2025-08-17 19:15:00,117687.77,117749.12,117655.62,117749.11,32.97199
2025-08-17 19:30:00,117749.11,117749.12,117500.0,117508.95,84.41103
2025-08-17 19:45:00,117508.96,117627.83,117476.0,117570.07,51.12428
2025-08-17 20:00:00,117570.07,117652.0,117508.49,117652.0,41.41519
2025-08-17 20:15:00,117652.0,117700.0,117575.66,117636.73,40.24196
2025-08-17 20:30:00,117636.74,117733.71,117636.73,117733.7,24.9892
2025-08-17 20:45:00,117733.7,117749.32,117599.43,117599.44,34.55298
2025-08-17 21:00:00,117599.44,117694.03,117599.43,117694.03,38.13324
2025-08-17 21:15:00,117694.03,117704.36,117601.67,117649.28,12.74785
2025-08-17 21:30:00,117649.28,117738.36,117611.9,117738.35,21.35655
2025-08-17 21:45:00,117738.35,117781.38,117681.33,117700.0,32.23036
2025-08-17 22:00:00,117700.01,117883.39,117688.5,117807.22,95.76006
2025-08-17 22:15:00,117807.21,117836.69,117735.31,117767.26,50.55959
2025-08-17 22:30:00,117767.26,117955.9,117767.25,117950.22,43.75011
2025-08-17 22:45:00,117950.22,117995.37,117928.57,117954.99,42.12215
2025-08-17 23:00:00,117955.0,117978.42,117752.83,117779.54,51.13635
2025-08-17 23:15:00,117779.55,117837.2,117481.99,117560.0,61.80774
2025-08-17 23:30:00,117559.99,117603.13,117482.31,117569.57,49.90653
2025-08-17 23:45:00,117569.56,117569.57,117371.65,117405.01,69.59402
2025-08-18 00:00:00,117405.01,117543.75,117336.04,117512.99,94.26649
2025-08-18 00:15:00,117512.98,117512.98,117088.29,117142.44,278.70698
2025-08-18 00:30:00,117142.44,117364.0,117020.0,117258.5,187.37352
2025-08-18 00:45:00,117258.5,117347.46,117167.63,117290.19,79.73843
2025-08-18 01:00:00,117290.2,117400.0,117264.91,117304.29,82.01699
2025-08-18 01:15:00,117304.29,117409.87,116670.03,116670.05,432.03138
2025-08-18 01:30:00,116670.04,116935.12,116366.0,116427.6,864.96829
2025-08-18 01:45:00,116427.59,116478.82,116166.03,116269.54,513.26925
2025-08-18 02:00:00,116269.53,116339.61,115910.99,115995.2,704.98302
2025-08-18 02:15:00,115995.2,116030.0,115730.03,115791.95,477.89366
2025-08-18 02:30:00,115791.94,116070.75,115678.02,115896.15,272.71583
2025-08-18 02:45:00,115896.15,115924.36,115292.67,115453.24,559.47905
2025-08-18 03:00:00,115452.0,115636.89,115433.69,115480.01,238.95143
2025-08-18 03:15:00,115480.0,115550.53,115332.0,115359.34,231.12163
2025-08-18 03:30:00,115359.33,115417.13,115115.0,115166.0,375.49513
2025-08-18 03:45:00,115166.0,115380.0,115000.0,115319.0,408.4119
2025-08-18 04:00:00,115319.0,115393.66,115079.91,115333.52,209.06333
2025-08-18 04:15:00,115333.53,115452.44,115188.67,115440.0,145.20685
2025-08-18 04:30:00,115440.0,115519.04,115386.0,115412.01,139.79007
2025-08-18 04:45:00,115412.0,115533.89,115412.0,115469.51,103.76994
2025-08-18 05:00:00,115469.52,115687.44,115469.51,115681.63,120.90702
2025-08-18 05:15:00,115681.63,115681.64,115572.69,115575.01,129.84242
2025-08-18 05:30:00,115575.01,115575.01,115121.12,115163.67,208.25463
2025-08-18 05:45:00,115163.66,115688.0,115000.0,115687.99,304.17222
2025-08-18 06:00:00,115687.99,115712.49,115407.8,115426.05,160.63021
2025-08-18 06:15:00,115426.05,115526.95,115025.63,115189.74,434.22806
2025-08-18 06:30:00,115189.73,115351.1,114898.99,115042.67,420.74772
2025-08-18 06:45:00,115042.67,115269.36,114878.71,115245.56,258.67834
2025-08-18 07:00:00,115245.56,115470.81,115219.57,115248.58,213.91665
2025-08-18 07:15:00,115248.57,115460.0,115211.95,115352.0,205.45754
2025-08-18 07:30:00,115352.0,115477.2,115188.62,115385.61,189.43675
2025-08-18 07:45:00,115385.62,115428.98,115186.56,115205.98,189.3224
2025-08-18 08:00:00,115205.99,115372.0,115086.91,115086.91,195.80457
2025-08-18 08:15:00,115086.92,115344.29,115068.58,115344.29,107.58388
2025-08-18 08:30:00,115344.28,115402.51,115247.46,115275.29,124.04582
2025-08-18 08:45:00,115275.3,115286.44,115107.75,115135.43,154.77083
2025-08-18 09:00:00,115135.43,115135.44,114890.42,114920.0,223.61894
2025-08-18 09:15:00,114919.99,114947.28,114650.01,114677.79,465.45014
2025-08-18 09:30:00,114677.79,115088.42,114640.14,115019.38,320.1031
2025-08-18 09:45:00,115019.37,115135.29,114968.13,115038.46,236.80205
2025-08-18 10:00:00,115038.46,115166.26,115000.04,115087.05,130.05271
2025-08-18 10:15:00,115087.05,115261.69,114985.0,114990.01,265.01143
2025-08-18 10:30:00,114990.02,115250.55,114990.01,115250.55,72.69663
2025-08-18 10:45:00,115250.54,115260.0,115029.86,115058.58,100.06326
2025-08-18 11:00:00,115058.58,115127.54,115000.88,115104.61,67.18847
2025-08-18 11:15:00,115104.6,115104.6,114921.21,114989.45,110.31723
2025-08-18 11:30:00,114989.45,115024.5,114904.41,114977.79,88.69144
2025-08-18 11:45:00,114977.8,115000.0,114860.62,114947.27,131.78934
2025-08-18 12:00:00,114947.27,115182.78,114902.94,115140.01,98.57741
2025-08-18 12:15:00,115140.0,115182.78,114982.64,115133.41,107.58388
2025-08-18 12:30:00,115133.41,115356.5,115081.23,115331.13,151.18309
2025-08-18 12:45:00,115331.13,115520.0,115200.0,115519.99,120.12165
2025-08-18 13:00:00,115520.0,115644.0,115428.06,115525.41,212.19371
2025-08-18 13:15:00,115525.41,115692.19,115525.41,115658.23,170.46858
2025-08-18 13:30:00,115658.23,115736.54,115286.13,115368.0,206.08975
2025-08-18 13:45:00,115368.01,115500.0,114825.0,114839.13,236.10744
2025-08-18 14:00:00,114839.14,115222.56,114839.14,115217.07,272.102
2025-08-18 14:15:00,115217.06,115509.99,115142.73,115375.3,103.68764
2025-08-18 14:30:00,115375.29,115375.29,115130.1,115148.39,152.38681
2025-08-18 14:45:00,115148.39,115633.73,114919.79,115633.73,145.44265
2025-08-18 15:00:00,115633.72,115716.58,115451.92,115472.6,95.3905
2025-08-18 15:15:00,115472.6,115698.31,115402.0,115634.27,102.97694
2025-08-18 15:30:00,115634.27,115909.25,115545.4,115771.72,349.61938
2025-08-18 15:45:00,115771.72,116186.97,115771.72,116145.34,248.24802
2025-08-18 16:00:00,116145.34,116350.0,116087.49,116087.49,150.93857
2025-08-18 16:15:00,116087.49,116175.4,115971.22,116028.49,129.18765
2025-08-18 16:30:00,116028.49,116100.0,115818.86,116050.09,126.62407
2025-08-18 16:45:00,116050.1,116244.02,115935.67,115962.24,89.84253
2025-08-18 17:00:00,115962.24,116243.96,115962.23,116243.96,101.3791
2025-08-18 17:15:00,116243.96,116688.0,116243.95,116516.11,274.31192
2025-08-18 17:30:00,116516.11,116800.0,116516.1,116532.67,235.1871
2025-08-18 17:45:00,116532.68,116625.1,116428.98,116428.99,102.2127
2025-08-18 18:00:00,116428.98,116437.44,116300.78,116360.97,74.1946
2025-08-18 18:15:00,116360.97,116458.35,116238.71,116360.98,65.74689
2025-08-18 18:30:00,116360.97,116540.0,116360.97,116466.85,66.07444
2025-08-18 18:45:00,116466.84,116579.16,116460.94,116481.81,33.92385
2025-08-18 19:00:00,116481.8,116639.35,116260.56,116279.99,105.71506
2025-08-18 19:15:00,116279.99,116360.26,116204.0,116347.02,61.92732
2025-08-18 19:30:00,116347.03,116395.0,116220.0,116262.33,58.6547
2025-08-18 19:45:00,116262.34,116392.0,116218.65,116313.99,55.45223
2025-08-18 20:00:00,116314.0,116462.78,116233.7,116462.78,69.82078
2025-08-18 20:15:00,116462.78,116500.0,116338.53,116500.0,41.89675
2025-08-18 20:30:00,116499.99,116529.5,115980.32,116086.7,122.05898
2025-08-18 20:45:00,116086.71,116408.0,116080.0,116407.99,115.34691
2025-08-18 21:00:00,116407.99,116584.97,116403.76,116583.29,84.55691
2025-08-18 21:15:00,116583.28,116675.67,116531.86,116649.09,51.6465
2025-08-18 21:30:00,116649.1,116654.93,116442.76,116464.72,64.60523
2025-08-18 21:45:00,116464.72,116663.9,116462.26,116648.99,29.5971
2025-08-18 22:00:00,116649.0,116972.0,116649.0,116889.67,143.44098
2025-08-18 22:15:00,116889.66,116980.0,116871.37,116926.19,53.69795
2025-08-18 22:30:00,116926.19,116941.21,116740.0,116740.0,48.67414
2025-08-18 22:45:00,116740.01,116746.0,116394.12,116399.99,70.3985
2025-08-18 23:00:00,116400.0,116564.38,116395.7,116413.64,87.28852
2025-08-18 23:15:00,116413.64,116435.71,116271.86,116285.74,75.27584
2025-08-18 23:30:00,116285.73,116336.28,116212.05,116214.57,63.63671
2025-08-18 23:45:00,116214.57,116259.99,116089.0,116227.05,91.60859
2025-08-19 00:00:00,116227.05,116299.99,116152.41,116269.3,72.90554
2025-08-19 00:15:00,116269.3,116304.28,115911.47,115913.1,176.08649
2025-08-19 00:30:00,115913.1,116187.94,115516.82,116027.3,228.92432
2025-08-19 00:45:00,116027.3,116563.55,116021.06,116563.13,119.61049
2025-08-19 01:00:00,116563.12,116725.69,116422.15,116422.15,87.25823
2025-08-19 01:15:00,116422.16,116478.1,116206.72,116206.72,77.19169
2025-08-19 01:30:00,116206.73,116206.73,115935.5,115995.52,120.15468
2025-08-19 01:45:00,115995.52,116031.14,115710.03,115798.0,176.46473
2025-08-19 02:00:00,115798.0,115935.36,115707.09,115866.65,94.99808
2025-08-19 02:15:00,115866.65,115900.0,115635.63,115823.95,84.28122
2025-08-19 02:30:00,115823.94,115962.24,115750.85,115880.01,61.71814
2025-08-19 02:45:00,115880.01,116051.0,115717.15,115747.08,103.76222
2025-08-19 03:00:00,115747.09,115771.98,115472.0,115616.22,169.15388
2025-08-19 03:15:00,115616.21,115676.45,115272.34,115371.85,175.05999
2025-08-19 03:30:00,115371.86,115371.86,114870.0,114972.0,268.18553
2025-08-19 03:45:00,114972.01,115025.38,114787.23,114810.0,375.14225
2025-08-19 04:00:00,114810.01,114986.0,114366.0,114766.42,552.68767
2025-08-19 04:15:00,114766.42,115033.18,114648.99,114892.0,161.49379
2025-08-19 04:30:00,114892.0,115240.0,114882.0,115237.92,135.34064
2025-08-19 04:45:00,115237.91,115372.55,115134.53,115305.99,123.57289
2025-08-19 05:00:00,115306.0,115483.24,115120.82,115209.73,152.16676
2025-08-19 05:15:00,115209.74,115422.75,115167.85,115380.0,72.4335
2025-08-19 05:30:00,115380.01,115412.72,115101.74,115101.74,81.35264
2025-08-19 05:45:00,115101.74,115101.75,114944.16,114972.9,100.94418
2025-08-19 06:00:00,114972.9,115121.11,114915.15,115035.46,81.22221
2025-08-19 06:15:00,115035.46,115219.99,114914.26,115136.82,113.86074
2025-08-19 06:30:00,115136.82,115142.8,114971.28,115000.01,92.67752
2025-08-19 06:45:00,115000.0,115093.37,114931.7,115019.99,106.86436
2025-08-19 07:00:00,115019.99,115056.0,114833.73,114875.92,108.98497
2025-08-19 07:15:00,114875.92,114888.86,114653.86,114698.61,237.86135
2025-08-19 07:30:00,114698.6,114963.45,114600.74,114797.21,245.28468
2025-08-19 07:45:00,114797.22,115000.0,114797.21,114978.14,132.37531
2025-08-19 08:00:00,114978.15,115049.99,114804.0,115040.01,200.67555
2025-08-19 08:15:00,115040.0,115105.42,114960.0,114967.29,122.97796
2025-08-19 08:30:00,114967.29,115042.58,114805.76,115014.31,57.35117
2025-08-19 08:45:00,115014.31,115300.0,114972.37,115186.48,108.76935
2025-08-19 09:00:00,115186.47,115389.9,115185.92,115354.01,102.52787
2025-08-19 09:15:00,115354.01,115430.0,115280.0,115430.0,127.18719
2025-08-19 09:30:00,115429.99,115488.27,115356.0,115412.01,153.09168
2025-08-19 09:45:00,115412.0,115450.58,115270.29,115322.7,60.8017
2025-08-19 10:00:00,115322.69,115500.0,115317.92,115400.01,71.60032
2025-08-19 10:15:00,115400.01,115577.6,115400.01,115510.85,67.66289
2025-08-19 10:30:00,115510.84,115543.12,115331.41,115428.0,67.22333
2025-08-19 10:45:00,115428.0,115442.0,115324.64,115400.0,35.13026
2025-08-19 11:00:00,115400.0,115599.27,115400.0,115597.53,64.77743
2025-08-19 11:15:00,115597.53,115650.0,115562.11,115569.86,86.41927
2025-08-19 11:30:00,115569.86,115586.67,115458.44,115464.0,70.98437
2025-08-19 11:45:00,115464.0,115577.68,115463.99,115508.71,73.86243
2025-08-19 12:00:00,115508.71,115597.36,115413.99,115583.33,124.76552
2025-08-19 12:15:00,115583.34,115617.84,115480.0,115503.16,70.64776
2025-08-19 12:30:00,115503.15,115570.0,115402.6,115508.07,49.89518
2025-08-19 12:45:00,115508.08,115600.0,115282.7,115599.99,93.62376
2025-08-19 13:00:00,115600.0,115662.71,115500.0,115520.52,118.1577
2025-08-19 13:15:00,115520.51,115782.39,115520.51,115747.44,138.16686
2025-08-19 13:30:00,115747.45,115875.84,115032.76,115124.21,418.67597
2025-08-19 13:45:00,115124.2,115378.74,114869.6,115192.0,253.57987
2025-08-19 14:00:00,115192.0,115378.82,114760.0,114797.22,183.89294
2025-08-19 14:15:00,114797.23,114835.28,114125.05,114139.16,486.83375
2025-08-19 14:30:00,114139.15,114472.0,113809.52,113923.97,758.3817
2025-08-19 14:45:00,113923.96,114200.01,113770.34,113882.66,834.47912
2025-08-19 15:00:00,113882.66,114020.0,113587.68,113652.0,849.26317
2025-08-19 15:15:00,113652.0,114177.58,113640.01,114076.83,436.15675
2025-08-19 15:30:00,114076.83,114148.0,113883.01,114105.75,241.86516
2025-08-19 15:45:00,114105.75,114105.76,113733.43,113786.38,236.07795
2025-08-19 16:00:00,113786.39,113897.58,113700.0,113702.01,268.73591
2025-08-19 16:15:00,113702.01,113840.0,113623.45,113646.17,124.535
2025-08-19 16:30:00,113646.17,113831.65,113432.0,113589.13,334.71369
2025-08-19 16:45:00,113589.13,113607.85,113346.28,113388.3,231.64938
2025-08-19 17:00:00,113388.31,113495.97,113107.07,113302.3,463.1325
2025-08-19 17:15:00,113302.3,113479.99,113166.79,113422.24,210.13925
2025-08-19 17:30:00,113422.24,113596.07,113410.0,113473.97,287.1746
2025-08-19 17:45:00,113473.96,113534.79,113300.0,113520.11,124.21632
2025-08-19 18:00:00,113520.11,113520.11,113372.06,113372.06,137.54978
2025-08-19 18:15:00,113372.0,113470.65,113252.47,113252.48,147.17405
2025-08-19 18:30:00,113252.48,113262.15,112953.4,113014.62,334.27498
2025-08-19 18:45:00,113014.62,113140.61,112837.11,113069.61,270.39106
2025-08-19 19:00:00,113069.61,113069.61,112802.0,112814.0,205.32081
2025-08-19 19:15:00,112813.99,113430.14,112767.06,113393.82,293.51547
2025-08-19 19:30:00,113393.83,113552.03,113312.0,113421.14,164.23239
2025-08-19 19:45:00,113421.14,113513.03,113080.25,113132.48,187.59533
2025-08-19 20:00:00,113132.49,113288.53,112927.82,112976.0,155.86573
2025-08-19 20:15:00,112976.01,113304.29,112976.01,113298.08,107.01264
2025-08-19 20:30:00,113298.07,113496.26,113298.07,113410.62,101.10619
2025-08-19 20:45:00,113410.62,113570.44,113400.69,113570.44,132.54107
2025-08-19 21:00:00,113570.44,113589.48,113463.44,113514.01,105.62987
2025-08-19 21:15:00,113514.0,113564.0,113474.93,113517.54,59.44663
2025-08-19 21:30:00,113517.53,113557.65,113453.08,113501.92,108.98402
2025-08-19 21:45:00,113501.92,113512.27,113413.14,113419.11,42.93734
2025-08-19 22:00:00,113419.1,113440.43,113096.69,113164.81,774.81552
2025-08-19 22:15:00,113164.81,113325.99,113069.0,113294.28,128.73742
2025-08-19 22:30:00,113294.29,113334.34,113060.0,113204.49,117.85218
2025-08-19 22:45:00,113204.49,113302.85,113111.41,113174.42,68.67419
2025-08-19 23:00:00,113174.42,113201.26,112988.0,112995.52,141.10933
2025-08-19 23:15:00,112995.51,113073.48,112834.2,112931.99,194.18025
2025-08-19 23:30:00,112931.98,113137.99,112810.0,112964.0,171.00198
2025-08-19 23:45:00,112964.0,112964.0,112732.58,112872.94,215.70274
2025-08-20 00:00:00,112872.95,113256.03,112843.14,113022.93,174.55832
2025-08-20 00:15:00,113022.93,113192.13,112854.33,112993.9,106.45921
2025-08-20 00:30:00,112993.9,113263.99,112950.52,113245.9,107.77621
2025-08-20 00:45:00,113245.9,113320.0,113201.09,113215.5,216.79186
2025-08-20 01:00:00,113215.49,113413.23,113180.0,113238.02,97.95461
2025-08-20 01:15:00,113238.01,113367.18,112905.05,112944.8,112.3053
2025-08-20 01:30:00,112944.81,112995.47,112566.01,112698.0,351.85505
2025-08-20 01:45:00,112698.0,113132.95,112695.31,112996.93,441.9256
2025-08-20 02:00:00,112996.93,113288.19,112944.68,113272.3,621.6472
2025-08-20 02:15:00,113272.3,113328.97,113240.19,113308.4,92.46639
2025-08-20 02:30:00,113308.4,113374.24,113289.03,113361.22,85.15524
2025-08-20 02:45:00,113361.22,113500.0,113309.18,113438.29,116.0052
2025-08-20 03:00:00,113438.29,113524.0,113319.45,113382.42,168.47028
2025-08-20 03:15:00,113382.43,113609.71,113345.41,113609.71,242.87969
2025-08-20 03:30:00,113609.7,113636.13,113437.32,113480.25,111.11392
2025-08-20 03:45:00,113480.25,113543.77,113412.22,113525.91,69.34168
2025-08-20 04:00:00,113525.9,113666.66,113525.9,113608.83,138.89564
2025-08-20 04:15:00,113608.82,113660.0,113582.25,113617.94,55.41957
2025-08-20 04:30:00,113617.95,113700.0,113460.29,113550.01,94.66975
2025-08-20 04:45:00,113550.01,113633.47,113488.56,113633.47,62.0274
2025-08-20 05:00:00,113633.47,113633.47,113493.41,113520.0,51.39154
2025-08-20 05:15:00,113519.99,113615.74,113464.02,113615.74,58.55507
2025-08-20 05:30:00,113615.73,113640.0,113578.19,113625.09,88.927
2025-08-20 05:45:00,113625.09,113767.44,113598.88,113708.0,106.55453
2025-08-20 06:00:00,113707.99,113734.23,113506.58,113523.35,110.2242
2025-08-20 06:15:00,113523.35,113660.21,113500.0,113648.75,52.98549
2025-08-20 06:30:00,113648.74,113734.0,113648.74,113680.83,58.57747
2025-08-20 06:45:00,113680.82,113694.85,113576.08,113653.28,62.77859
2025-08-20 07:00:00,113653.28,113747.35,113632.56,113722.84,83.53262
2025-08-20 07:15:00,113722.84,113837.93,113720.86,113720.87,91.20673
2025-08-20 07:30:00,113720.87,113720.87,113588.0,113612.01,127.34973
2025-08-20 07:45:00,113612.01,113672.74,113432.0,113490.13,124.31949
2025-08-20 08:00:00,113490.14,113609.94,113401.0,113609.94,119.43721
2025-08-20 08:15:00,113609.94,113866.06,113609.93,113846.0,228.08305
2025-08-20 08:30:00,113846.0,113970.02,113786.01,113951.87,352.12944
2025-08-20 08:45:00,113951.87,114016.77,113844.28,114010.0,321.87631
2025-08-20 09:00:00,114010.0,114010.01,113801.95,113866.36,188.84364
2025-08-20 09:15:00,113866.37,113875.64,113765.96,113799.99,91.77115
2025-08-20 09:30:00,113799.99,113960.91,113770.78,113874.11,92.50468
2025-08-20 09:45:00,113874.11,113910.0,113628.65,113699.98,91.40965
2025-08-20 10:00:00,113699.98,113815.39,113650.01,113666.7,69.90618
2025-08-20 10:15:00,113666.7,113799.89,113587.68,113587.69,85.66838
2025-08-20 10:30:00,113587.69,113779.81,113587.68,113779.81,81.64469
2025-08-20 10:45:00,113779.81,113869.5,113740.0,113792.2,73.60125
2025-08-20 11:00:00,113792.19,113859.26,113572.77,113593.99,80.11062
2025-08-20 11:15:00,113593.99,113600.82,113460.0,113460.01,81.28092
2025-08-20 11:30:00,113460.01,113460.01,113060.08,113175.22,225.50107
2025-08-20 11:45:00,113175.23,113666.69,113126.19,113666.68,168.7382
2025-08-20 12:00:00,113666.69,113944.0,113666.68,113819.64,213.07349
2025-08-20 12:15:00,113819.64,113870.82,113512.88,113720.0,113.46727
2025-08-20 12:30:00,113720.0,113862.46,113673.92,113845.65,120.82815
2025-08-20 12:45:00,113845.66,113870.0,113659.0,113659.01,196.07278
2025-08-20 13:00:00,113659.01,113659.01,113320.01,113331.2,124.21018
2025-08-20 13:15:00,113331.2,113460.0,113246.19,113429.24,141.44615
2025-08-20 13:30:00,113429.24,113646.67,113123.0,113138.0,286.0529
2025-08-20 13:45:00,113138.0,113156.21,112600.0,112693.15,547.66203
2025-08-20 14:00:00,112693.14,113000.0,112400.0,112716.0,575.36675
2025-08-20 14:15:00,112716.0,113231.15,112380.0,113153.29,439.3175
2025-08-20 14:30:00,113153.3,113843.99,113153.29,113506.05,386.38889
2025-08-20 14:45:00,113506.05,113854.34,113390.99,113465.84,177.58303
2025-08-20 15:00:00,113465.84,114033.94,113388.0,113903.61,274.43487
2025-08-20 15:15:00,113903.61,114326.35,113888.33,114300.01,502.96252
2025-08-20 15:30:00,114300.0,114300.01,113910.4,113910.4,220.87436
2025-08-20 15:45:00,113910.41,113923.01,113229.43,113353.94,285.69111
2025-08-20 16:00:00,113353.94,113651.28,113278.49,113651.28,206.45823
2025-08-20 16:15:00,113651.27,114309.16,113643.82,114267.27,261.61872
2025-08-20 16:30:00,114267.28,114282.26,113857.35,113962.0,133.70915
2025-08-20 16:45:00,113962.0,114114.14,113771.76,113839.99,167.43664
2025-08-20 17:00:00,113839.99,114141.4,113792.93,113909.36,138.62643
2025-08-20 17:15:00,113909.35,114074.0,113790.0,113790.75,104.51561
2025-08-20 17:30:00,113790.76,114263.29,113781.16,114263.29,117.61526
2025-08-20 17:45:00,114263.29,114444.0,114111.59,114197.53,216.76148
2025-08-20 18:00:00,114197.54,114269.63,113663.28,113663.28,226.18607
2025-08-20 18:15:00,113663.29,113681.16,113300.24,113332.05,184.0142
2025-08-20 18:30:00,113332.05,113678.12,113264.01,113617.2,176.30021
2025-08-20 18:45:00,113617.2,113687.71,113469.85,113490.01,89.75829
2025-08-20 19:00:00,113490.0,113966.63,113472.38,113948.07,142.70654
2025-08-20 19:15:00,113948.07,114288.1,113892.64,114053.69,192.10931
2025-08-20 19:30:00,114053.68,114155.99,113901.06,113992.05,139.66058
2025-08-20 19:45:00,113992.06,114337.31,113962.23,114276.66,126.52942
2025-08-20 20:00:00,114276.66,114276.66,114094.07,114094.07,112.58174
2025-08-20 20:15:00,114094.08,114132.43,114000.0,114132.0,53.26
2025-08-20 20:30:00,114131.99,114276.67,114131.91,114228.57,125.80993
2025-08-20 20:45:00,114228.58,114375.27,114199.12,114370.0,93.03962
2025-08-20 21:00:00,114370.0,114470.0,114363.19,114367.89,106.00541
2025-08-20 21:15:00,114367.9,114399.82,114011.94,114034.43,112.07768
2025-08-20 21:30:00,114034.43,114384.93,114000.0,114348.0,84.05157
2025-08-20 21:45:00,114348.01,114476.13,114263.45,114356.24,70.23462
2025-08-20 22:00:00,114356.24,114468.86,114223.14,114320.86,159.41198
2025-08-20 22:15:00,114320.86,114391.0,114206.89,114391.0,92.3067
2025-08-20 22:30:00,114391.0,114519.62,114309.15,114519.61,93.41548
2025-08-20 22:45:00,114519.61,114615.38,114519.61,114595.19,152.86715
2025-08-20 23:00:00,114595.19,114608.77,114325.0,114325.0,130.28936
2025-08-20 23:15:00,114325.01,114335.43,114220.0,114235.7,89.73915
2025-08-20 23:30:00,114235.71,114370.32,114220.0,114347.99,32.65302
2025-08-20 23:45:00,114348.0,114348.0,114220.0,114271.24,62.53339
2025-08-21 00:00:00,114271.23,114277.56,114135.88,114140.0,131.2453
2025-08-21 00:15:00,114140.0,114140.01,114010.87,114072.39,77.68528
2025-08-21 00:30:00,114072.4,114454.12,114072.39,114420.0,141.50154
2025-08-21 00:45:00,114420.01,114493.1,114276.66,114292.14,79.19455
2025-08-21 01:00:00,114292.14,114337.81,114196.0,114196.0,72.41299
2025-08-21 01:15:00,114196.01,114229.08,113954.13,114121.84,129.61333
2025-08-21 01:30:00,114121.84,114428.0,114111.82,114340.07,75.33218
2025-08-21 01:45:00,114340.07,114736.0,114257.71,114729.94,155.62495
2025-08-21 02:00:00,114729.93,114821.76,114254.13,114254.14,137.57871
2025-08-21 02:15:00,114254.14,114254.14,113906.01,114013.96,144.69478
2025-08-21 02:30:00,114013.96,114033.21,113916.36,113990.0,81.97087
2025-08-21 02:45:00,113989.99,114055.23,113907.73,114038.0,83.65053
2025-08-21 03:00:00,114038.0,114531.29,114022.59,114362.6,140.30478
2025-08-21 03:15:00,114362.6,114431.95,114215.13,114217.82,81.30063
2025-08-21 03:30:00,114217.82,114263.28,114177.75,114191.5,43.03406
2025-08-21 03:45:00,114191.5,114201.74,113954.61,113954.62,51.58333
2025-08-21 04:00:00,113954.62,114012.16,113870.57,113903.44,78.53611
2025-08-21 04:15:00,113903.43,113948.3,113870.57,113918.6,47.00663
2025-08-21 04:30:00,113918.6,114033.84,113804.0,113863.57,76.36498
2025-08-21 04:45:00,113863.57,113994.11,113800.0,113800.0,91.52313
2025-08-21 05:00:00,113800.01,113846.58,113637.0,113679.99,103.82296
2025-08-21 05:15:00,113679.99,113846.67,113679.98,113744.45,85.13962
2025-08-21 05:30:00,113744.46,113877.48,113744.45,113869.99,69.38765
2025-08-21 05:45:00,113869.99,114010.83,113869.99,113995.12,86.28682
2025-08-21 06:00:00,113995.12,113995.12,113633.1,113652.43,126.451
2025-08-21 06:15:00,113652.43,113703.21,113609.88,113609.89,67.82994
2025-08-21 06:30:00,113609.89,113805.38,113609.88,113773.74,117.92135
2025-08-21 06:45:00,113773.75,113886.05,113738.27,113807.2,131.68217
2025-08-21 07:00:00,113807.2,113888.18,113656.01,113656.01,154.21573
2025-08-21 07:15:00,113656.01,113776.94,113582.43,113719.32,162.73098
2025-08-21 07:30:00,113719.32,113944.74,113662.81,113876.11,171.48788
2025-08-21 07:45:00,113876.11,113930.64,113846.71,113896.03,41.97626
2025-08-21 08:00:00,113896.03,113990.0,113815.83,113940.0,73.69941
2025-08-21 08:15:00,113939.99,113940.0,113673.65,113760.01,130.59715
2025-08-21 08:30:00,113760.01,113821.84,113713.55,113771.11,44.44182
2025-08-21 08:45:00,113771.11,113812.48,113588.45,113588.45,88.02704
2025-08-21 09:00:00,113588.46,113616.58,113421.16,113467.06,126.04746
2025-08-21 09:15:00,113467.06,113467.07,113300.0,113432.01,166.06426
2025-08-21 09:30:00,113432.01,113611.34,113419.15,113611.33,77.3333
2025-08-21 09:45:00,113611.34,113615.38,113376.84,113376.85,43.9605
2025-08-21 10:00:00,113376.85,113450.92,113230.0,113389.41,93.49846
2025-08-21 10:15:00,113389.41,113479.97,113262.29,113445.84,100.62597
2025-08-21 10:30:00,113445.84,113464.9,113349.96,113427.19,72.38022
2025-08-21 10:45:00,113427.2,113438.71,113277.28,113329.74,64.84632
2025-08-21 11:00:00,113329.74,113522.85,113329.74,113506.0,59.93373
2025-08-21 11:15:00,113506.01,113515.6,113433.83,113467.03,52.8791
2025-08-21 11:30:00,113467.03,113542.47,113265.75,113373.28,106.91444
2025-08-21 11:45:00,113373.28,113373.28,113000.0,113148.66,208.40188
2025-08-21 12:00:00,113148.65,113216.0,113068.1,113170.0,43.99564
2025-08-21 12:15:00,113170.0,113353.62,113025.0,113232.56,96.31019
2025-08-21 12:30:00,113232.55,113416.69,113152.1,113162.96,127.31114
2025-08-21 12:45:00,113162.97,113162.97,112950.0,113095.29,118.59053
2025-08-21 13:00:00,113095.3,113258.19,113055.93,113181.99,63.50452
2025-08-21 13:15:00,113182.0,113355.14,113128.07,113324.51,70.30552
2025-08-21 13:30:00,113324.51,113600.0,113128.07,113539.09,295.51004
2025-08-21 13:45:00,113539.09,113713.56,113143.96,113486.98,195.37616
2025-08-21 14:00:00,113486.98,113882.87,113353.29,113850.0,152.14044
2025-08-21 14:15:00,113850.0,113995.11,113615.73,113742.84,131.88462
2025-08-21 14:30:00,113742.84,113742.84,112913.39,113190.96,181.93396
2025-08-21 14:45:00,113190.96,113404.0,113033.91,113281.99,114.19992
2025-08-21 15:00:00,113282.0,113386.31,112700.03,112700.03,252.02702
2025-08-21 15:15:00,112700.04,113184.44,112608.64,113032.8,326.78779
2025-08-21 15:30:00,113032.81,113147.81,112881.62,113021.5,202.68374
2025-08-21 15:45:00,113021.5,113021.5,112761.0,112792.08,148.54905
2025-08-21 16:00:00,112792.08,112928.02,112643.42,112834.48,154.8163
2025-08-21 16:15:00,112834.47,112969.47,112622.15,112737.99,139.70214
2025-08-21 16:30:00,112738.0,112880.0,112580.0,112615.61,149.20918
2025-08-21 16:45:00,112615.61,112656.0,112333.33,112379.58,336.49945
2025-08-21 17:00:00,112379.58,112456.43,112211.0,112241.55,293.27901
2025-08-21 17:15:00,112241.55,112422.29,112213.98,112250.47,211.84883
2025-08-21 17:30:00,112250.47,112596.9,112201.0,112441.83,148.76044
2025-08-21 17:45:00,112441.83,112555.42,112320.0,112410.91,83.22205
2025-08-21 18:00:00,112410.92,112463.85,112241.32,112369.96,105.37778
2025-08-21 18:15:00,112369.97,112615.34,112300.93,112503.13,85.13064
2025-08-21 18:30:00,112503.13,112503.13,112335.81,112350.24,87.14767
2025-08-21 18:45:00,112350.24,112682.2,112224.67,112602.62,104.72585
2025-08-21 19:00:00,112602.62,112724.74,112549.23,112565.87,57.02887
2025-08-21 19:15:00,112565.88,112619.51,112170.0,112258.59,163.64563
2025-08-21 19:30:00,112258.58,112278.1,112015.67,112104.59,225.54846
2025-08-21 19:45:00,112104.59,112201.52,112020.0,112193.71,122.86187
2025-08-21 20:00:00,112193.71,112340.0,112159.97,112324.34,59.53623
2025-08-21 20:15:00,112324.35,112460.3,112305.69,112457.05,67.95266
2025-08-21 20:30:00,112457.05,112457.06,112067.46,112359.26,65.53227
2025-08-21 20:45:00,112359.99,112870.94,112336.6,112450.3,143.43136
2025-08-21 21:00:00,112450.31,112589.43,112100.0,112519.94,120.61708
2025-08-21 21:15:00,112519.94,112633.84,112303.8,112542.92,89.94422
2025-08-21 21:30:00,112542.92,112734.51,112460.79,112496.61,102.45318
2025-08-21 21:45:00,112496.61,112633.99,112469.59,112628.76,24.36219
2025-08-21 22:00:00,112628.75,112649.75,112502.84,112621.98,72.44823
2025-08-21 22:15:00,112621.99,112712.7,112580.01,112625.84,50.34013
2025-08-21 22:30:00,112625.84,112639.84,112425.8,112436.67,57.51339
2025-08-21 22:45:00,112436.67,112546.25,112425.35,112511.2,20.43331
2025-08-21 23:00:00,112511.19,112511.2,112320.0,112324.0,60.41058
2025-08-21 23:15:00,112324.0,112460.0,112275.0,112460.0,47.8558
2025-08-21 23:30:00,112460.0,112464.36,112280.01,112280.01,60.1419
2025-08-21 23:45:00,112280.01,112500.0,112272.04,112500.0,58.06329
2025-08-22 00:00:00,112500.0,112750.0,112489.42,112692.72,88.22909
2025-08-22 00:15:00,112692.72,112790.0,112634.94,112654.93,57.86193
2025-08-22 00:30:00,112654.93,112840.0,112625.33,112699.26,72.86179
2025-08-22 00:45:00,112699.25,112708.3,112568.95,112630.87,48.84218
2025-08-22 01:00:00,112630.88,112676.56,112335.6,112394.19,55.02458
2025-08-22 01:15:00,112394.19,112780.73,112386.18,112772.02,64.11025
2025-08-22 01:30:00,112772.02,112924.37,112712.01,112911.52,96.66826
2025-08-22 01:45:00,112911.51,112911.52,112784.68,112840.08,115.74672
2025-08-22 02:00:00,112840.08,113182.48,112784.68,113182.48,152.72972
2025-08-22 02:15:00,113182.48,113525.0,113020.0,113497.45,257.908
2025-08-22 02:30:00,113497.44,113505.65,113265.79,113300.0,180.35886
2025-08-22 02:45:00,113299.99,113426.45,113142.85,113153.96,125.89685
2025-08-22 03:00:00,113153.96,113441.45,113117.2,113360.01,67.31249
2025-08-22 03:15:00,113360.01,113360.01,113195.88,113205.02,46.62048
2025-08-22 03:30:00,113205.03,113308.02,113091.13,113105.56,56.77281
2025-08-22 03:45:00,113105.57,113111.99,112882.9,112929.24,123.25124
2025-08-22 04:00:00,112929.24,113160.44,112929.24,113106.36,61.81587
2025-08-22 04:15:00,113106.36,113256.03,113038.69,113047.77,61.73829
2025-08-22 04:30:00,113047.77,113214.58,113004.83,113086.74,46.2927
2025-08-22 04:45:00,113086.75,113086.75,112708.81,112847.63,100.49109
2025-08-22 05:00:00,112847.62,113039.14,112844.56,113031.11,76.26097
2025-08-22 05:15:00,113031.11,113070.33,112880.0,112950.0,76.3271
2025-08-22 05:30:00,112950.0,113217.86,112950.0,113134.07,72.55521
2025-08-22 05:45:00,113134.08,113285.59,113123.46,113241.99,108.688
2025-08-22 06:00:00,113241.98,113326.3,113054.74,113306.86,89.37941
2025-08-22 06:15:00,113306.86,113394.76,113190.52,113243.91,141.24042
2025-08-22 06:30:00,113243.92,113283.69,112844.0,112925.19,116.7493
2025-08-22 06:45:00,112925.2,113077.09,112857.3,112998.3,79.22141
2025-08-22 07:00:00,112998.3,113200.0,112952.29,113138.01,98.57051
2025-08-22 07:15:00,113138.01,113250.0,112950.0,113162.33,99.73755
2025-08-22 07:30:00,113162.34,113228.17,113113.62,113225.99,201.48816
2025-08-22 07:45:00,113225.98,113225.98,113084.47,113094.83,225.70121
2025-08-22 08:00:00,113094.83,113261.62,113050.25,113261.62,167.3553
2025-08-22 08:15:00,113261.62,113319.3,113103.05,113245.69,113.82289
2025-08-22 08:30:00,113245.68,113265.01,113000.0,113092.78,84.92882
2025-08-22 08:45:00,113092.78,113092.78,112950.0,112980.34,82.67493
2025-08-22 09:00:00,112980.34,113015.93,112855.55,112883.66,139.1025
2025-08-22 09:15:00,112883.65,112984.26,112856.11,112976.99,101.88693
2025-08-22 09:30:00,112976.98,113054.87,112815.55,112884.09,146.98552
2025-08-22 09:45:00,112884.1,113128.0,112884.09,113049.67,129.16136
2025-08-22 10:00:00,113049.67,113060.0,112771.78,112771.79,114.18926
2025-08-22 10:15:00,112771.79,112771.79,112637.74,112714.87,105.34113
2025-08-22 10:30:00,112714.87,112714.87,112556.54,112582.2,140.30189
2025-08-22 10:45:00,112582.01,112639.41,112512.74,112534.54,95.65294
2025-08-22 11:00:00,112534.54,112629.4,112300.0,112314.0,160.32651
2025-08-22 11:15:00,112313.99,112389.94,112260.0,112278.06,150.2275
2025-08-22 11:30:00,112278.06,112347.64,112177.27,112255.15,113.46766
2025-08-22 11:45:00,112255.15,112385.33,112252.75,112320.0,87.0106
2025-08-22 12:00:00,112320.01,112363.89,112001.0,112079.02,241.78503
2025-08-22 12:15:00,112079.02,112208.35,112000.01,112045.12,178.53003
2025-08-22 12:30:00,112045.13,112289.72,111684.79,112284.0,780.89902
2025-08-22 12:45:00,112284.0,112713.93,112233.47,112341.5,459.37522
2025-08-22 13:00:00,112341.5,112540.47,112179.79,112209.32,136.36242
2025-08-22 13:15:00,112209.32,112347.7,112058.38,112290.91,142.90598
2025-08-22 13:30:00,112290.92,112660.63,111932.28,112493.24,421.78297
2025-08-22 13:45:00,112493.24,112662.27,112351.99,112487.11,341.24916
2025-08-22 14:00:00,112487.1,115211.0,112468.35,115200.0,2745.82728
2025-08-22 14:15:00,115200.0,115764.0,114609.0,115190.03,1860.90537
2025-08-22 14:30:00,115190.04,116077.0,115190.03,115780.0,1018.47359
2025-08-22 14:45:00,115780.0,116116.11,115747.2,115808.23,646.53599
2025-08-22 15:00:00,115808.24,116741.44,115808.23,116647.26,1147.90548
2025-08-22 15:15:00,116647.26,116988.0,116606.33,116725.0,490.70873
2025-08-22 15:30:00,116724.99,116964.19,116662.56,116949.63,387.79031
2025-08-22 15:45:00,116949.62,117296.12,116370.74,116370.75,504.22469
2025-08-22 16:00:00,116370.75,116783.22,116370.74,116593.48,559.09121
2025-08-22 16:15:00,116593.47,116593.48,116142.58,116407.68,544.01695
2025-08-22 16:30:00,116407.67,116539.02,116391.99,116460.0,420.48712
2025-08-22 16:45:00,116459.99,116459.99,116116.0,116146.47,233.08422
2025-08-22 17:00:00,116146.48,116747.26,116146.48,116747.25,269.14272
2025-08-22 17:15:00,116747.26,117018.5,116747.25,116937.55,515.17015
2025-08-22 17:30:00,116937.56,116942.84,116542.55,116757.61,311.88983
2025-08-22 17:45:00,116757.61,117032.84,116683.3,117024.0,203.93936
2025-08-22 18:00:00,117024.01,117429.05,117024.0,117410.0,266.32488
2025-08-22 18:15:00,117410.0,117415.24,116836.24,116885.28,235.73091
2025-08-22 18:30:00,116885.28,117137.46,116881.66,116918.6,133.28744
2025-08-22 18:45:00,116918.59,116918.6,116750.0,116805.27,86.26201
2025-08-22 19:00:00,116805.27,116914.3,116743.26,116881.66,85.29994
2025-08-22 19:15:00,116881.66,116900.0,116739.58,116739.59,102.22665
2025-08-22 19:30:00,116739.58,116787.58,116626.8,116692.55,159.71704
2025-08-22 19:45:00,116692.55,116740.0,116520.0,116655.79,182.27601
2025-08-22 20:00:00,116655.79,116867.16,116570.17,116846.8,152.76433
2025-08-22 20:15:00,116846.81,117127.44,116846.8,117100.0,132.59813
2025-08-22 20:30:00,117100.0,117106.78,116899.0,117030.43,113.90404
2025-08-22 20:45:00,117030.42,117054.32,116874.86,117052.65,146.4285
2025-08-22 21:00:00,117052.65,117065.15,116863.95,116881.66,263.82747
2025-08-22 21:15:00,116881.67,117026.76,116829.34,116976.0,112.44399
2025-08-22 21:30:00,116976.01,117042.23,116905.68,117030.42,200.32519
2025-08-22 21:45:00,117030.42,117174.43,116980.2,117028.27,101.48928
2025-08-22 22:00:00,117028.27,117057.14,116754.92,116784.12,189.67659
2025-08-22 22:15:00,116784.12,116850.0,116559.32,116625.6,182.24966
2025-08-22 22:30:00,116625.6,116745.17,116550.96,116664.27,112.53684
2025-08-22 22:45:00,116664.27,116776.08,116664.27,116757.18,101.26393
2025-08-22 23:00:00,116757.18,116822.0,116674.51,116674.52,85.42934
2025-08-22 23:15:00,116674.52,116744.52,116674.51,116743.52,47.29429
2025-08-22 23:30:00,116743.51,116904.21,116743.51,116893.9,111.23002
2025-08-22 23:45:00,116893.91,116937.56,116840.0,116935.99,62.53287
2025-08-23 00:00:00,116936.0,116979.99,116726.64,116726.64,105.45317
2025-08-23 00:15:00,116726.65,116998.2,116726.65,116951.34,94.41783
2025-08-23 00:30:00,116951.35,117030.0,116840.0,116840.0,90.10144
2025-08-23 00:45:00,116840.01,116976.78,116840.0,116870.22,61.40801
2025-08-23 01:00:00,116870.22,116882.16,116776.08,116826.39,54.95752
2025-08-23 01:15:00,116826.39,116826.39,116573.94,116573.95,155.77222
2025-08-23 01:30:00,116573.94,116658.3,116300.0,116309.99,199.79421
2025-08-23 01:45:00,116310.0,116489.41,116309.99,116453.59,185.969
2025-08-23 02:00:00,116453.59,116547.95,116183.78,116221.46,159.55802
2025-08-23 02:15:00,116221.46,116280.0,115866.31,115866.32,274.1744
2025-08-23 02:30:00,115866.32,116000.0,115500.0,115860.63,590.80747
2025-08-23 02:45:00,115860.63,116154.81,115770.54,115927.98,170.82807
2025-08-23 03:00:00,115927.98,116044.55,115707.89,116003.83,142.7055
2025-08-23 03:15:00,116003.83,116003.83,115628.69,115720.25,169.98931
2025-08-23 03:30:00,115720.25,115730.56,115468.54,115468.54,92.9258
2025-08-23 03:45:00,115468.55,115647.29,115458.2,115568.77,98.72222
2025-08-23 04:00:00,115568.77,115783.47,115551.2,115769.59,153.3056
2025-08-23 04:15:00,115769.58,115778.14,115658.45,115720.0,100.34172
2025-08-23 04:30:00,115720.0,115980.0,115719.99,115884.12,182.5752
2025-08-23 04:45:00,115884.13,115926.77,115775.12,115926.77,99.54514
2025-08-23 05:00:00,115926.77,115963.63,115800.01,115864.27,160.78803
2025-08-23 05:15:00,115864.27,115997.19,115857.63,115951.23,134.77915
2025-08-23 05:30:00,115951.23,116029.43,115934.13,115982.22,287.3423
2025-08-23 05:45:00,115982.21,116034.53,115899.91,115954.51,223.36248
2025-08-23 06:00:00,115954.51,116015.69,115841.16,115841.36,160.09325
2025-08-23 06:15:00,115841.37,115873.17,115751.54,115762.45,153.71955
2025-08-23 06:30:00,115762.44,115852.11,115748.01,115748.02,72.1479
2025-08-23 06:45:00,115748.02,115826.31,115690.83,115781.16,76.89999
2025-08-23 07:00:00,115781.16,115885.27,115675.54,115860.0,101.19685
2025-08-23 07:15:00,115860.0,115892.84,115716.19,115716.2,114.3601
2025-08-23 07:30:00,115716.2,115928.0,115669.76,115892.76,141.54436
2025-08-23 07:45:00,115892.76,115892.76,115763.16,115799.47,96.182
2025-08-23 08:00:00,115799.46,115861.8,115799.46,115826.58,76.27239
2025-08-23 08:15:00,115826.58,115856.26,115622.05,115658.43,97.1863
2025-08-23 08:30:00,115658.42,115821.59,115607.46,115819.11,95.43025
2025-08-23 08:45:00,115819.11,115857.3,115746.11,115746.12,72.69492
2025-08-23 09:00:00,115746.12,115782.03,115640.0,115656.0,61.06963
2025-08-23 09:15:00,115656.0,115656.0,115605.27,115609.99,48.3323
2025-08-23 09:30:00,115610.0,115701.58,115609.99,115683.99,70.77353
2025-08-23 09:45:00,115684.0,115765.82,115620.66,115765.82,108.46553
2025-08-23 10:00:00,115765.81,115780.59,115650.08,115661.38,178.28307
2025-08-23 10:15:00,115661.38,115662.38,115601.96,115601.96,52.79227
2025-08-23 10:30:00,115601.97,115626.2,115600.0,115616.62,33.26039
2025-08-23 10:45:00,115616.62,115616.63,115575.72,115575.72,48.23729
2025-08-23 11:00:00,115575.73,115606.25,115515.68,115574.95,55.58621
2025-08-23 11:15:00,115574.95,115616.63,115531.16,115531.16,48.92811
2025-08-23 11:30:00,115531.17,115568.6,115454.05,115454.06,122.99439
2025-08-23 11:45:00,115454.05,115496.31,115223.43,115310.13,143.58733
2025-08-23 12:00:00,115310.13,115451.35,115200.0,115415.64,86.28297
2025-08-23 12:15:00,115415.64,115486.97,115340.02,115353.05,128.03721
2025-08-23 12:30:00,115353.06,115480.34,115333.87,115397.18,107.79535
2025-08-23 12:45:00,115397.18,115420.0,115175.48,115213.6,123.36297
2025-08-23 13:00:00,115213.6,115213.6,115136.34,115179.17,148.74036
2025-08-23 13:15:00,115179.18,115189.25,114992.04,115019.06,242.96766
2025-08-23 13:30:00,115019.06,115019.06,114735.57,114948.39,431.65033
2025-08-23 13:45:00,114948.39,115110.51,114830.09,114864.92,158.5083
2025-08-23 14:00:00,114864.92,114940.36,114799.7,114923.26,496.54103
2025-08-23 14:15:00,114923.26,115067.43,114860.81,115031.48,256.92438
2025-08-23 14:30:00,115031.48,115081.59,114712.0,114737.51,129.23316
2025-08-23 14:45:00,114737.51,114820.0,114620.0,114621.47,117.7381
2025-08-23 15:00:00,114621.48,114740.54,114560.0,114727.1,144.02727
2025-08-23 15:15:00,114727.09,114921.91,114719.77,114900.01,191.75288
2025-08-23 15:30:00,114900.0,114966.87,114830.72,114891.07,131.96705
2025-08-23 15:45:00,114891.08,114928.0,114810.38,114812.87,132.03264
2025-08-23 16:00:00,114812.88,114828.0,114684.11,114724.93,104.05447
2025-08-23 16:15:00,114724.94,114965.97,114724.93,114867.59,124.02666
2025-08-23 16:30:00,114867.6,114883.28,114766.76,114796.08,85.19712
